username,text,profile_pic_url,nationality,country_code,language,age,gender
futbolda_nima_gap,ğŸ‘‘,https://scontent-lhr6-1.cdninstagram.com/v/t51.2885-19/462719808_887087833370457_6446265512295911902_n.jpg?stp=dst-jpg_s150x150&_nc_ht=scontent-lhr6-1.cdninstagram.com&_nc_cat=109&_nc_ohc=ZtBtjbaim7gQ7kNvgHSBtVx&_nc_gid=3016a500f95944f28e7b0c3891dcea5e&edm=APs17CUBAAAA&ccb=7-5&oh=00_AYC48oo6Arjg0xcUHBVkS2fqp_unZhL6gCx_Drv_OIiRnQ&oe=67106CCA&_nc_sid=10d13b,,,object of type 'NoneType' has no len(),30,Woman
st_._._gaming,â¤ï¸â¤ï¸â¤ï¸â¤ï¸â¤ï¸â¤ï¸â¤ï¸â¤ï¸â¤ï¸â¤ï¸â¤ï¸â¤ï¸ğŸ˜ğŸ˜ğŸ˜ğŸ˜ğŸ˜ğŸ˜ğŸ˜ğŸ˜ğŸ˜ğŸ˜ğŸ˜ğŸ˜ğŸ˜ğŸ˜ğŸ¤ğŸ¤ğŸ¤ğŸ¤ğŸ¤ğŸ¤ğŸ¤ğŸ¤ğŸ¤ğŸ¤ğŸ¤ğŸ¤ğŸ¤,https://scontent-lhr6-2.cdninstagram.com/v/t51.2885-19/461925591_856893182867712_2948319616542199456_n.jpg?stp=dst-jpg_s150x150&_nc_ht=scontent-lhr6-2.cdninstagram.com&_nc_cat=100&_nc_ohc=K0pbCH2qOu4Q7kNvgFLUPOj&_nc_gid=3016a500f95944f28e7b0c3891dcea5e&edm=APs17CUBAAAA&ccb=7-5&oh=00_AYBOqTZS0l3-30Ddsd0tHBFEcL6JcibaxcxpFgkvUbK9qQ&oe=671078F9&_nc_sid=10d13b,,,object of type 'NoneType' has no len(),30,Woman
xu_lover_01,Free KashmirğŸ˜¢,https://scontent-lhr6-2.cdninstagram.com/v/t51.2885-19/451207409_1121702772259277_5685216624409896106_n.jpg?stp=dst-jpg_s150x150&_nc_ht=scontent-lhr6-2.cdninstagram.com&_nc_cat=105&_nc_ohc=h9_adcvrlfgQ7kNvgHHYK5P&_nc_gid=3016a500f95944f28e7b0c3891dcea5e&edm=APs17CUBAAAA&ccb=7-5&oh=00_AYBJ8ADaQcukPg_U4xuE6s6YQakEM3XXnZKG9AoOpuB-5Q&oe=67108E29&_nc_sid=10d13b,Unknown,,object of type 'NoneType' has no len(),30,Woman
jukpa_can,PrewetkrisztianoğŸ‘‘ğŸ˜ğŸ‘‘ğŸ˜ğŸ‘‘ğŸ¤ğŸ¤ğŸ˜ğŸ‘‘ğŸ‘‘ğŸ‘‘ğŸ‘‘ğŸ‘‘ğŸ‘‘ğŸ‘‘ğŸ‘‘ğŸ‘‘ğŸ‘‘,https://scontent-lhr8-1.cdninstagram.com/v/t51.2885-19/458286856_1866511037163647_45108061390908021_n.jpg?stp=dst-jpg_s150x150&_nc_ht=scontent-lhr8-1.cdninstagram.com&_nc_cat=111&_nc_ohc=3RCLx2MGXuwQ7kNvgF0zon8&_nc_gid=3016a500f95944f28e7b0c3891dcea5e&edm=APs17CUBAAAA&ccb=7-5&oh=00_AYAn2rzzeKy0X5_oFG0EuGQh1MbaW_TyDGZWc3VDDt1E6w&oe=67106E45&_nc_sid=10d13b,Poland,PL,Language not found,30,Man
jaxanbrat2013,ğŸğŸ‘‘,https://scontent-lhr6-1.cdninstagram.com/v/t51.2885-19/44884218_345707102882519_2446069589734326272_n.jpg?stp=dst-jpg_s150x150&_nc_ht=scontent-lhr6-1.cdninstagram.com&_nc_cat=1&_nc_ohc=Eh9qeP5BGAUQ7kNvgGESdsq&_nc_gid=3016a500f95944f28e7b0c3891dcea5e&edm=APs17CUBAAAA&ccb=7-5&ig_cache_key=YW5vbnltb3VzX3Byb2ZpbGVfcGlj.3-ccb7-5&oh=00_AYAzjgKa8WGqbZtI-buRqQ4iFn6OBtqDakp25VfZu7Pm_A&oe=6710730F&_nc_sid=10d13b,,,object of type 'NoneType' has no len(),30,Woman
joly_aziz,ğŸ’›ğŸ’›ğŸ˜ğŸ,https://instagram.fpia1-1.fna.fbcdn.net/v/t51.2885-19/11856859_1637342983174978_802476903_a.jpg?stp=dst-jpg_s150x150&_nc_ht=instagram.fpia1-1.fna.fbcdn.net&_nc_cat=110&_nc_ohc=37suLAzIKp4Q7kNvgGFQhmC&_nc_gid=b80c11a7f81545e983563a46cad6cafa&edm=APs17CUBAAAA&ccb=7-5&oh=00_AYCLB7kmmUxv5YJ_x-MkXDMC6GjbhbRPLQTVeq-7bRtS2A&oe=67106440&_nc_sid=10d13b,,,object of type 'NoneType' has no len(),30,Man
o_m_i.17,â¤ï¸,https://instagram.fpia1-1.fna.fbcdn.net/v/t51.2885-19/460977196_521401314042127_8942697734142366655_n.jpg?stp=dst-jpg_s150x150&_nc_ht=instagram.fpia1-1.fna.fbcdn.net&_nc_cat=107&_nc_ohc=xSNyRFPAoZkQ7kNvgEPfnp2&_nc_gid=b80c11a7f81545e983563a46cad6cafa&edm=APs17CUBAAAA&ccb=7-5&oh=00_AYAPeyPlGDYptqmB3v0LFEDlXjvV4wh0mzCkBWXCbPJ4pg&oe=67107F02&_nc_sid=10d13b,,,object of type 'NoneType' has no len(),30,Woman
5k.lix7,ÙƒØ±Ø³ØªÙŠØ§Ù†Ùˆ Ø±ÙˆÙ†Ø§Ù„Ø¯Ùˆ Ø¹Ù… Ù…ÙŠØ³ÙŠ ğŸ‘‘ğŸâ¤ï¸,https://instagram.fpia1-1.fna.fbcdn.net/v/t51.2885-19/454860397_892958762702874_2184929919057053917_n.jpg?stp=dst-jpg_s150x150&_nc_ht=instagram.fpia1-1.fna.fbcdn.net&_nc_cat=106&_nc_ohc=fdy6gsbCD8wQ7kNvgGLZmJK&_nc_gid=b80c11a7f81545e983563a46cad6cafa&edm=APs17CUBAAAA&ccb=7-5&oh=00_AYBL-iKsEROZX-Eszpv8XBgOjribo7nJMcGhDCmtpW10NQ&oe=67107188&_nc_sid=10d13b,Saudi Arabia,SA,Arabic,29,Man
gustavin_031_j,Te amo cris ğŸâ¤ï¸,https://instagram.fpia1-1.fna.fbcdn.net/v/t51.2885-19/461954220_406979428890415_4460245395112663105_n.jpg?stp=dst-jpg_s150x150&_nc_ht=instagram.fpia1-1.fna.fbcdn.net&_nc_cat=107&_nc_ohc=HOPPY2mV2SwQ7kNvgEnJWqD&_nc_gid=b80c11a7f81545e983563a46cad6cafa&edm=APs17CUBAAAA&ccb=7-5&oh=00_AYBWqQTfTU6wfTbe2gHVClHtAml98sphPi1ySbs2X6RVww&oe=67106A4A&_nc_sid=10d13b,Portugal,PT,Language not found,30,Man
anus_khan_3,Siuuuuuuu â¤ï¸â¤ï¸,https://scontent-ams4-1.cdninstagram.com/v/t51.2885-19/44884218_345707102882519_2446069589734326272_n.jpg?stp=dst-jpg_e0_s150x150&_nc_ht=scontent-ams4-1.cdninstagram.com&_nc_cat=1&_nc_ohc=Eh9qeP5BGAUQ7kNvgHGr5xo&_nc_gid=ca9c4fc8aa704ba4b322e59d53e3994a&edm=AL4D0a4BAAAA&ccb=7-5&ig_cache_key=YW5vbnltb3VzX3Byb2ZpbGVfcGlj.3-ccb7-5&oh=00_AYBu7qrmTfZdVlhVOF04ZS-5LBL1e99SKQMlWmqvfDtG3w&oe=6710730F&_nc_sid=9e8221,Somalia,SO,Language not found,30,Woman
ju.ma7549,my goats ğŸ‘‘ğŸğŸğŸ‘‘ğŸ”¥ğŸ‘,https://instagram.fpia1-1.fna.fbcdn.net/v/t51.2885-19/449279629_1118815309197236_3093134394003745000_n.jpg?stp=dst-jpg_s150x150&_nc_ht=instagram.fpia1-1.fna.fbcdn.net&_nc_cat=108&_nc_ohc=9Os_n_SoLa8Q7kNvgGtHAfB&_nc_gid=b80c11a7f81545e983563a46cad6cafa&edm=APs17CUBAAAA&ccb=7-5&oh=00_AYDLdNb5Gla-tVz-RxFxpz_wzqQzfcA3k-nYs8Ik6GUGRA&oe=6710619F&_nc_sid=10d13b,United States,US,English,30,Man
elbek.qod1rov,ğŸğŸ‘‘,https://instagram.fpia1-1.fna.fbcdn.net/v/t51.2885-19/460763355_1286125332764232_2346796984783823047_n.jpg?stp=dst-jpg_s150x150&_nc_ht=instagram.fpia1-1.fna.fbcdn.net&_nc_cat=100&_nc_ohc=80bGTrB9ysoQ7kNvgG-HJ4N&_nc_gid=b80c11a7f81545e983563a46cad6cafa&edm=APs17CUBAAAA&ccb=7-5&oh=00_AYC2lSqxQThKI0LZ2TQ--36r-W6O4HRuW_HJlh9hb2aFGg&oe=67108AD2&_nc_sid=10d13b,,,object of type 'NoneType' has no len(),30,Man
sport_cristiano7,ğŸ‡ºğŸ‡¿,https://instagram.fpia1-1.fna.fbcdn.net/v/t51.2885-19/462834554_1448897545791900_2246827051443879432_n.jpg?stp=dst-jpg_s150x150&_nc_ht=instagram.fpia1-1.fna.fbcdn.net&_nc_cat=100&_nc_ohc=V1rfIICSBG8Q7kNvgFgF85t&_nc_gid=b80c11a7f81545e983563a46cad6cafa&edm=APs17CUBAAAA&ccb=7-5&oh=00_AYBtONs3o5tUTbcfAciYY-NLphcVb4yFVJHNmSKpSLnkfA&oe=67108C2A&_nc_sid=10d13b,,,object of type 'NoneType' has no len(),30,Man
1_temirov_0419,ğŸ”¥ğŸ”¥ğŸ”¥,https://scontent-ams4-1.cdninstagram.com/v/t51.2885-19/44884218_345707102882519_2446069589734326272_n.jpg?stp=dst-jpg_e0_s150x150&_nc_ht=scontent-ams4-1.cdninstagram.com&_nc_cat=1&_nc_ohc=Eh9qeP5BGAUQ7kNvgHGr5xo&_nc_gid=ca9c4fc8aa704ba4b322e59d53e3994a&edm=AL4D0a4BAAAA&ccb=7-5&ig_cache_key=YW5vbnltb3VzX3Byb2ZpbGVfcGlj.3-ccb7-5&oh=00_AYBu7qrmTfZdVlhVOF04ZS-5LBL1e99SKQMlWmqvfDtG3w&oe=6710730F&_nc_sid=9e8221,,,object of type 'NoneType' has no len(),30,Man
_vauwene_,UzbekistanğŸ‘‘â¤ï¸,https://scontent-atl3-2.cdninstagram.com/v/t51.2885-19/434739287_357305360022977_5105331426845208874_n.jpg?stp=dst-jpg_s150x150&_nc_ht=scontent-atl3-2.cdninstagram.com&_nc_cat=105&_nc_ohc=zqLOzYiLsloQ7kNvgED3ppq&_nc_gid=2ec643e389cf43d8bb4d099f8d3418e0&edm=APs17CUBAAAA&ccb=7-5&oh=00_AYCFxPpbjYR7IL-JT2dRS8AnGYQMDxcwO9QOFdwh0BE_kg&oe=67106A53&_nc_sid=10d13b,Croatia,HR,Language not found,30,Woman
eleanabalsami,gool,https://scontent-atl3-1.cdninstagram.com/v/t51.2885-19/460257483_1068926378083896_6045327951967978429_n.jpg?stp=dst-jpg_s150x150&_nc_ht=scontent-atl3-1.cdninstagram.com&_nc_cat=100&_nc_ohc=GgHjJisBy5kQ7kNvgGsCZyz&_nc_gid=2ec643e389cf43d8bb4d099f8d3418e0&edm=APs17CUBAAAA&ccb=7-5&oh=00_AYDXn2L2GdfQrJ7v5fW8VKFFYSA2zPdmFqM9-zgp0uet4g&oe=671088D3&_nc_sid=10d13b,Somalia,SO,Language not found,30,Woman
canates102022,@burcu_karakas1 mj baksanÄ±z Ã¶nemli birÅŸey sorcam,https://scontent-atl3-2.cdninstagram.com/v/t51.2885-19/450248429_1136786937537455_8007397207070848863_n.jpg?stp=dst-jpg_s150x150&_nc_ht=scontent-atl3-2.cdninstagram.com&_nc_cat=111&_nc_ohc=k0doS0sQjeEQ7kNvgFTWk8z&_nc_gid=2ec643e389cf43d8bb4d099f8d3418e0&edm=APs17CUBAAAA&ccb=7-5&oh=00_AYBuoytuUujIS5MvHU6OqvG5JFJJ_nvvISdbngxAGPHntA&oe=67107D16&_nc_sid=10d13b,Turkey,,object of type 'NoneType' has no len(),30,Woman
syed_tahsin_7,I love you like my family ğŸğŸğŸâ¤ï¸â¤ï¸ğŸ˜ğŸ˜ğŸ˜ğŸ‘‘ğŸ‘‘ğŸ’›ğŸ’›,https://scontent-atl3-2.cdninstagram.com/v/t51.2885-19/456591477_475577708626324_5135652564542432795_n.jpg?stp=dst-jpg_s150x150&_nc_ht=scontent-atl3-2.cdninstagram.com&_nc_cat=104&_nc_ohc=YxFX3B5hB4MQ7kNvgHn_SLw&_nc_gid=2ec643e389cf43d8bb4d099f8d3418e0&edm=APs17CUBAAAA&ccb=7-5&oh=00_AYAbYyShGeeqctNSR1bPl94743ScE1hNt3rCfEDEdsk5cg&oe=67108818&_nc_sid=10d13b,United States,US,English,30,Man
shahi_dkhan1510,ğŸ˜,https://scontent-atl3-1.cdninstagram.com/v/t51.2885-19/459595158_548363494194084_8169335331805452581_n.jpg?stp=dst-jpg_s150x150&_nc_ht=scontent-atl3-1.cdninstagram.com&_nc_cat=100&_nc_ohc=st_3cf5aiKIQ7kNvgG97kEe&_nc_gid=2ec643e389cf43d8bb4d099f8d3418e0&edm=APs17CUBAAAA&ccb=7-5&oh=00_AYCWgWke45GkWCzrfqLFkdrUO6YmhIy1DRLef1JD_dCd6Q&oe=6710967B&_nc_sid=10d13b,,,object of type 'NoneType' has no len(),30,Man
hancy_arjun,ğŸ˜ğŸ‘‘â¤ï¸,https://scontent-atl3-2.cdninstagram.com/v/t51.2885-19/462958714_1278075633366458_7960742410846279370_n.jpg?stp=dst-jpg_s150x150&_nc_ht=scontent-atl3-2.cdninstagram.com&_nc_cat=102&_nc_ohc=17zvBUuhSbAQ7kNvgFgwinY&_nc_gid=2ec643e389cf43d8bb4d099f8d3418e0&edm=APs17CUBAAAA&ccb=7-5&oh=00_AYCBo4eFAWXY0TTGvtfg4yxXy7eBW5vNakjkl-_sg5RCFA&oe=67106DA2&_nc_sid=10d13b,,,object of type 'NoneType' has no len(),28,Man
ozodbek01496,Sirdaryoga,https://scontent-fra3-2.cdninstagram.com/v/t51.2885-19/44884218_345707102882519_2446069589734326272_n.jpg?_nc_ht=scontent-fra3-2.cdninstagram.com&_nc_cat=1&_nc_ohc=Eh9qeP5BGAUQ7kNvgES66k2&_nc_gid=b1343b5291a4485ca897614d7a81acfe&edm=AAAAAAABAAAA&ccb=7-5&ig_cache_key=YW5vbnltb3VzX3Byb2ZpbGVfcGlj.3-ccb7-5&oh=00_AYB1VXe1m6mSDJdecJHzVLtCMba0jIRUKJGCaDI0b6hYkA&oe=6710730F&_nc_sid=328259,Philippines,PH,Filipino,30,Woman
sayouba_odg_12,Love CR7 ğŸ‡§ğŸ‡«,https://instagram.fpoj7-1.fna.fbcdn.net/v/t51.2885-19/449740162_1196579871357675_8874105317554838742_n.jpg?stp=dst-jpg_s150x150&_nc_ht=instagram.fpoj7-1.fna.fbcdn.net&_nc_cat=103&_nc_ohc=RcTWj8QqMGUQ7kNvgF06dii&_nc_gid=93d1a3cd83234141836f0a615a3a2268&edm=APs17CUBAAAA&ccb=7-5&oh=00_AYAFOJc81Ju7g0u7ORw7OGLYTeAkVedab0gpKAaf335AIg&oe=671085B7&_nc_sid=10d13b,United States,US,English,30,Man
jahon.b.500,ğŸ‘‘ğŸ‘‘ğŸ‘‘ğŸ‘‘ğŸ‘‘ğŸ‘‘ğŸ‘‘,https://instagram.fpat1-1.fna.fbcdn.net/v/t51.2885-19/44884218_345707102882519_2446069589734326272_n.jpg?stp=dst-jpg_e0_s150x150&_nc_ht=instagram.fpat1-1.fna.fbcdn.net&_nc_cat=1&_nc_ohc=Eh9qeP5BGAUQ7kNvgGFo1bb&_nc_gid=305ca68b63d94b52b21e0f37e29d4c4a&edm=AL4D0a4BAAAA&ccb=7-5&ig_cache_key=YW5vbnltb3VzX3Byb2ZpbGVfcGlj.3-ccb7-5&oh=00_AYC5tRrT6Ru9R4XzFbgHOqvQnOkYfR3k4xA69d61c8BJNA&oe=6710730F&_nc_sid=9e8221,,,object of type 'NoneType' has no len(),30,Woman
diazromero37,Game big ahead MR.GOAT ğŸ‡µğŸ‡¹ğŸ‡µğŸ‡¹ğŸ”¥ğŸ”¥,https://instagram.fpoj7-1.fna.fbcdn.net/v/t51.2885-19/361042976_560477272770527_5699610098943647771_n.jpg?stp=dst-jpg_s150x150&_nc_ht=instagram.fpoj7-1.fna.fbcdn.net&_nc_cat=111&_nc_ohc=NOGBe3Bdo0gQ7kNvgElbq_O&_nc_gid=93d1a3cd83234141836f0a615a3a2268&edm=APs17CUBAAAA&ccb=7-5&oh=00_AYAB0xZt0aL2AgdAzH62NeVtd6YvnuHdLTJMwQCIGLqDQw&oe=67105FDD&_nc_sid=10d13b,Somalia,SO,Language not found,30,Woman
welcom_to_james_to_aut_sp_prt,Greeting legend ğŸ™Œ,https://instagram.fpoj7-1.fna.fbcdn.net/v/t51.2885-19/444761503_421817490701310_4903538872748524583_n.jpg?stp=dst-jpg_s150x150&_nc_ht=instagram.fpoj7-1.fna.fbcdn.net&_nc_cat=106&_nc_ohc=s4h3F4PBwZMQ7kNvgFt2krW&_nc_gid=93d1a3cd83234141836f0a615a3a2268&edm=APs17CUBAAAA&ccb=7-5&oh=00_AYDxuUPAlgnWbrv25GGZm9sXofLAurtIflFiF9M6n_TI2Q&oe=67106F10&_nc_sid=10d13b,Unknown,,object of type 'NoneType' has no len(),30,Woman
shahsamirbright,"I love you, brother, I am an Afghan, but I am proud that you are the crown of a fish ğŸ«…ğŸ«…",https://instagram.fpoj7-1.fna.fbcdn.net/v/t51.2885-19/455363119_3786466048264025_6409698796013484442_n.jpg?stp=dst-jpg_s150x150&_nc_ht=instagram.fpoj7-1.fna.fbcdn.net&_nc_cat=105&_nc_ohc=w114x9afoXoQ7kNvgH9wv12&_nc_gid=93d1a3cd83234141836f0a615a3a2268&edm=APs17CUBAAAA&ccb=7-5&oh=00_AYBc0jd8ti9CmfIhFiUdN82jXPmzBRbJZnMUd7q8zzAYXA&oe=67109447&_nc_sid=10d13b,United States,US,English,30,Woman
sithika__007,Bro forgot to shave,https://instagram.fpoj7-1.fna.fbcdn.net/v/t51.2885-19/462149938_1459846364661879_1516364695143034468_n.jpg?stp=dst-jpg_s150x150&_nc_ht=instagram.fpoj7-1.fna.fbcdn.net&_nc_cat=103&_nc_ohc=XRH_M5zhtogQ7kNvgFvnCEU&_nc_gid=93d1a3cd83234141836f0a615a3a2268&edm=APs17CUBAAAA&ccb=7-5&oh=00_AYDZc7J0WF9RBfcG5Urnv0cGErwDeTPupH84AUFmudt2hw&oe=671077D7&_nc_sid=10d13b,United States,US,English,30,Woman
voropaev6331,"OlÃ¡ amigo, escrevi para vocÃª em uma mensagem pessoal, vocÃª pode responder diretamente?",https://instagram.fpoj7-1.fna.fbcdn.net/v/t51.2885-19/462433800_395943076907943_335548590537370087_n.jpg?stp=dst-jpg_s150x150&_nc_ht=instagram.fpoj7-1.fna.fbcdn.net&_nc_cat=103&_nc_ohc=IXBEklgAYQoQ7kNvgH2f6pq&_nc_gid=93d1a3cd83234141836f0a615a3a2268&edm=APs17CUBAAAA&ccb=7-5&oh=00_AYAFHjHEIokLFxst5AlN2kbsEdLpT8gnqrNAoqmNla0Tag&oe=671081F0&_nc_sid=10d13b,Portugal,PT,Language not found,30,Woman
tributenkala39gmail.com5,ğŸ‘ğŸ‘ğŸ”¥ğŸ”¥,https://instagram.fsac1-2.fna.fbcdn.net/v/t51.2885-19/462864163_1685284062040071_299299183236919847_n.jpg?stp=dst-jpg_s150x150&_nc_ht=instagram.fsac1-2.fna.fbcdn.net&_nc_cat=103&_nc_ohc=LW2sJrJ019cQ7kNvgHaE4Gk&_nc_gid=6b627c0fddf04804a6c725c1aba83027&edm=APs17CUBAAAA&ccb=7-5&oh=00_AYC_R2zK050N68hqs6FDPzH-x96m3lOzNhgmfvwxoQtHnw&oe=67108D8E&_nc_sid=10d13b,,,object of type 'NoneType' has no len(),32,Man
tursunovoff_01,Uzbeklar bomi?,https://instagram.fsac1-2.fna.fbcdn.net/v/t51.2885-19/462795432_3388745414760485_8554902894715585747_n.jpg?stp=dst-jpg_s150x150&_nc_ht=instagram.fsac1-2.fna.fbcdn.net&_nc_cat=105&_nc_ohc=AeOZCtejuAgQ7kNvgEykzIQ&_nc_gid=6b627c0fddf04804a6c725c1aba83027&edm=APs17CUBAAAA&ccb=7-5&oh=00_AYBw-dVyxIRSKh5NP-SwkFvKg2LgdUlbshD-BlMx0GE6Ng&oe=67108A35&_nc_sid=10d13b,Turkey,,object of type 'NoneType' has no len(),30,Woman
_jawadahmad_10,ğŸ«€ğŸ,https://instagram.fsac1-1.fna.fbcdn.net/v/t51.2885-19/439146745_775721961197688_6641271780431908034_n.jpg?stp=dst-jpg_s150x150&_nc_ht=instagram.fsac1-1.fna.fbcdn.net&_nc_cat=100&_nc_ohc=t2GKQnz07KkQ7kNvgFJYEvV&_nc_gid=6b627c0fddf04804a6c725c1aba83027&edm=APs17CUBAAAA&ccb=7-5&oh=00_AYBaXxz20LmlMXhUMKnzirYyUYdCIsaJD1fsolEZypKxfg&oe=67108530&_nc_sid=10d13b,,,object of type 'NoneType' has no len(),30,Man
mustafahar40,â¤ï¸â¤ï¸ğŸ‘‘ğŸ,https://instagram.fsac1-1.fna.fbcdn.net/v/t51.2885-19/349085659_265720585832340_523161105433969093_n.jpg?stp=dst-jpg_s150x150&_nc_ht=instagram.fsac1-1.fna.fbcdn.net&_nc_cat=100&_nc_ohc=T0hnBZq2Wh4Q7kNvgFtZErj&_nc_gid=6b627c0fddf04804a6c725c1aba83027&edm=APs17CUBAAAA&ccb=7-5&oh=00_AYCkZp4_e5wMBcwJcitEfzy2YpJ-fIYUml737O-kNNnUHA&oe=671093B0&_nc_sid=10d13b,,,object of type 'NoneType' has no len(),30,Woman
jani_jaysen,ğŸ”¥ğŸ”¥ğŸ”¥,https://scontent-lga3-2.cdninstagram.com/v/t51.2885-19/44884218_345707102882519_2446069589734326272_n.jpg?stp=dst-jpg_e0_s150x150&_nc_ht=scontent-lga3-2.cdninstagram.com&_nc_cat=1&_nc_ohc=Eh9qeP5BGAUQ7kNvgGks7AY&_nc_gid=cfe153c496a74ec9a55486a4b46ca83f&edm=AEsR1pMBAAAA&ccb=7-5&ig_cache_key=YW5vbnltb3VzX3Byb2ZpbGVfcGlj.3-ccb7-5&oh=00_AYBrs7_Z4ryX8nD-gJ8dId1CnFtOioEDIe3rm7ShMQEUwg&oe=6710730F&_nc_sid=e2f88a,,,object of type 'NoneType' has no len(),30,Woman
crestiano_jnr,"This page is for the best player of all time, Cristiano Ronaldo. I hope to reach my dream of 100,000 followers. A simple dream",https://instagram.fsac1-1.fna.fbcdn.net/v/t51.2885-19/462608834_898846651702564_7311377816824710190_n.jpg?stp=dst-jpg_s150x150&_nc_ht=instagram.fsac1-1.fna.fbcdn.net&_nc_cat=104&_nc_ohc=JVBjGM8g4csQ7kNvgHchSvY&_nc_gid=6b627c0fddf04804a6c725c1aba83027&edm=APs17CUBAAAA&ccb=7-5&oh=00_AYCrCAJRdIVKmIGxlzokFce8z4Qh4A2UKbxJ5-JuT-R49g&oe=67106D36&_nc_sid=10d13b,United States,US,English,30,Man
santutifrutii,come to huracan,https://instagram.fsac1-2.fna.fbcdn.net/v/t51.2885-19/461139287_3694961167437801_1531871977736816268_n.jpg?stp=dst-jpg_s150x150&_nc_ht=instagram.fsac1-2.fna.fbcdn.net&_nc_cat=109&_nc_ohc=xLKVETiYL3QQ7kNvgFbnPHn&_nc_gid=6b627c0fddf04804a6c725c1aba83027&edm=APs17CUBAAAA&ccb=7-5&oh=00_AYAdoO8DX40R1v45hqFgEd6bsEnaneVsdTKL6bd3dyC-2w&oe=67109467&_nc_sid=10d13b,Portugal,PT,Language not found,30,Woman
rhonald.gabriel.96,eu sou seu fÃ£,https://instagram.fphb2-1.fna.fbcdn.net/v/t51.2885-19/450596368_1188229862218249_5154450983972467035_n.jpg?stp=dst-jpg_s150x150&_nc_ht=instagram.fphb2-1.fna.fbcdn.net&_nc_cat=101&_nc_ohc=z7mYEobfM2IQ7kNvgFKYiBH&_nc_gid=9368469604584fceb7b0a6f084c8bbac&edm=APs17CUBAAAA&ccb=7-5&oh=00_AYDl4OQ-kLJd1RoNDk8s0NuxVEmIe9sHTB5nTg_SOs7Tfw&oe=67109106&_nc_sid=10d13b,France,FR,French,30,Woman
gareeb_rahul_,,https://instagram.fphb2-1.fna.fbcdn.net/v/t51.2885-19/456881240_515669684154907_3677541325426372479_n.jpg?stp=dst-jpg_s150x150&_nc_ht=instagram.fphb2-1.fna.fbcdn.net&_nc_cat=107&_nc_ohc=NvglwKqXnE8Q7kNvgG6EdnH&_nc_gid=9368469604584fceb7b0a6f084c8bbac&edm=APs17CUBAAAA&ccb=7-5&oh=00_AYCqU6YPfy0tOJiqVYhMP8VGjLnucT6_ZI7Yo1eU4IXY0g&oe=671083D7&_nc_sid=10d13b,,,object of type 'NoneType' has no len(),26,Man
mr_jabir_333,â¤ï¸,https://instagram.fphb2-1.fna.fbcdn.net/v/t51.2885-19/463071871_1614319546155332_7967115136798689469_n.jpg?stp=dst-jpg_s150x150&_nc_ht=instagram.fphb2-1.fna.fbcdn.net&_nc_cat=108&_nc_ohc=daLGFjdGyX4Q7kNvgEiE_N9&_nc_gid=9368469604584fceb7b0a6f084c8bbac&edm=APs17CUBAAAA&ccb=7-5&oh=00_AYCB8rr8eURmaqHs4FrEm2BTMIEQOD3M4ApLhJHlyAnj2A&oe=67106713&_nc_sid=10d13b,,,object of type 'NoneType' has no len(),30,Woman
mr__sandeep_s07,ğŸ‘‘ğŸ‘‘,https://instagram.fphb2-1.fna.fbcdn.net/v/t51.2885-19/461921335_548468154244815_6500254606652447193_n.jpg?stp=dst-jpg_s150x150&_nc_ht=instagram.fphb2-1.fna.fbcdn.net&_nc_cat=103&_nc_ohc=sGhMN3BXqy8Q7kNvgGIVd1z&_nc_gid=9368469604584fceb7b0a6f084c8bbac&edm=APs17CUBAAAA&ccb=7-5&oh=00_AYC2fgis_cJetnI-H8dr2mZFGb4kIDBlh3eTEqSWsKiU3g&oe=67106673&_nc_sid=10d13b,,,object of type 'NoneType' has no len(),30,Woman
marcoxs_alexandre,Muito brabo,https://instagram.fphb2-1.fna.fbcdn.net/v/t51.2885-19/462252620_2289219491412443_3032522711069503143_n.jpg?stp=dst-jpg_s150x150&_nc_ht=instagram.fphb2-1.fna.fbcdn.net&_nc_cat=111&_nc_ohc=30ie03UkWx8Q7kNvgEIRnD_&_nc_gid=9368469604584fceb7b0a6f084c8bbac&edm=APs17CUBAAAA&ccb=7-5&oh=00_AYAiSWbSnjE5PZrYsvyBajrpzrZuQw432VsJ8EZc2-yIhA&oe=67108FCC&_nc_sid=10d13b,Portugal,PT,Language not found,30,Man
priyo_saha.1,Penaldo ğŸ,https://scontent-iad3-1.cdninstagram.com/v/t51.2885-19/462474158_1042281550690904_7796945493335042384_n.jpg?stp=dst-jpg_s150x150&_nc_ht=scontent-iad3-1.cdninstagram.com&_nc_cat=108&_nc_ohc=soTK-8e0C4MQ7kNvgGGm4Pj&_nc_gid=4e64875e296a488fb18dd33beabf0b98&edm=APs17CUBAAAA&ccb=7-5&oh=00_AYA2gWiSuHdmZICqhXwlcEyMu6bThW-4uLF_LJcF8SNFVg&oe=67106D96&_nc_sid=10d13b,Portugal,PT,Language not found,30,Man
hsnmshblgrny,ğŸ‡µğŸ‡¹ğŸ‡µğŸ‡¹ğŸ‡µğŸ‡¹ğŸ‘‘ğŸ˜ğŸ‘ğŸ”¥,https://scontent-iad3-1.cdninstagram.com/v/t51.2885-19/425401474_406306655302748_8154217711655330455_n.jpg?stp=dst-jpg_s150x150&_nc_ht=scontent-iad3-1.cdninstagram.com&_nc_cat=108&_nc_ohc=wMN39Y-SxKAQ7kNvgHb8VRP&_nc_gid=4e64875e296a488fb18dd33beabf0b98&edm=APs17CUBAAAA&ccb=7-5&oh=00_AYBFmBsdIhn6BC2Waoh9hkB-svFSl0_7iIw8idItZitsWQ&oe=67106F04&_nc_sid=10d13b,,,object of type 'NoneType' has no len(),34,Man
raed__r1,cristiano ğŸğŸ”¥ğŸ‡µğŸ‡¹ğŸ‘‘,https://scontent-iad3-1.cdninstagram.com/v/t51.2885-19/462532875_979167744013785_282330177346733004_n.jpg?stp=dst-jpg_s150x150&_nc_ht=scontent-iad3-1.cdninstagram.com&_nc_cat=109&_nc_ohc=CXe5ZiCePpoQ7kNvgGHvjTX&_nc_gid=4e64875e296a488fb18dd33beabf0b98&edm=APs17CUBAAAA&ccb=7-5&oh=00_AYBhMALRdzihXUsbS4i9G32mSw6eVtpiD6tnBOea2PfoZg&oe=67106528&_nc_sid=10d13b,Italy,IT,Italian,21,Man
honoriovaldete,ğŸ‘ğŸ‘ğŸ‘ğŸ‘ğŸ‘ğŸ‘ğŸ‘ğŸ‘ğŸ‘,https://scontent-iad3-2.cdninstagram.com/v/t51.2885-19/242306134_604345927242774_894847497413795192_n.jpg?stp=dst-jpg_s150x150&_nc_ht=scontent-iad3-2.cdninstagram.com&_nc_cat=106&_nc_ohc=_IXloVIv05sQ7kNvgH24fIU&_nc_gid=4e64875e296a488fb18dd33beabf0b98&edm=APs17CUBAAAA&ccb=7-5&oh=00_AYA-4idLP8GwFYo2HRKEezetTSvN_yDFjmS-IudozUNQpw&oe=67107389&_nc_sid=10d13b,,,object of type 'NoneType' has no len(),33,Man
obruno_md,"NÃ£o importa o quÃ£o bem sucedido vocÃª seja, se nÃ£o escolher certo sua mulher sÃ³ farÃ¡ de tudo para ter atenÃ§Ã£o de outros homens.",https://scontent-fra3-2.cdninstagram.com/v/t51.2885-19/44884218_345707102882519_2446069589734326272_n.jpg?_nc_ht=scontent-fra3-2.cdninstagram.com&_nc_cat=1&_nc_ohc=Eh9qeP5BGAUQ7kNvgEVm6OW&_nc_gid=e8a15a0163184018a06dc0d2347e4207&edm=AAAAAAABAAAA&ccb=7-5&ig_cache_key=YW5vbnltb3VzX3Byb2ZpbGVfcGlj.3-ccb7-5&oh=00_AYBvZdNTkaqXKqEy_DIUjqchk-Ca-yqHQtNCr-obfXbtGg&oe=6710730F&_nc_sid=328259,Portugal,PT,Language not found,30,Woman
uzairkhancrg,ğŸ‡µğŸ‡¹,https://scontent-iad3-1.cdninstagram.com/v/t51.2885-19/463079279_1570985800213504_2118463477731573902_n.jpg?stp=dst-jpg_s150x150&_nc_ht=scontent-iad3-1.cdninstagram.com&_nc_cat=104&_nc_ohc=j2_Cn99brxcQ7kNvgGGgJy2&_nc_gid=4e64875e296a488fb18dd33beabf0b98&edm=APs17CUBAAAA&ccb=7-5&oh=00_AYA9M0sT5o8dIV0YhI_oXPXR3dZ6kl4uBsbaOr8tn8iG3w&oe=67107DFA&_nc_sid=10d13b,,,object of type 'NoneType' has no len(),30,Woman
arun_hembram_,Pepe ğŸ˜¶,https://scontent-iad3-2.cdninstagram.com/v/t51.2885-19/383048233_3125745174394566_8835304666438307942_n.jpg?stp=dst-jpg_s150x150&_nc_ht=scontent-iad3-2.cdninstagram.com&_nc_cat=106&_nc_ohc=Hd-hP7zEDo4Q7kNvgGWqkL9&_nc_gid=4e64875e296a488fb18dd33beabf0b98&edm=APs17CUBAAAA&ccb=7-5&oh=00_AYCsH66-JCbJUc6WsvTlxS4k7xiyRohm2XQo3Uc_3Pxf5A&oe=67107375&_nc_sid=10d13b,Romania,RO,Language not found,30,Man
hosinahmad12,ğŸ”¥ğŸğŸ‡µğŸ‡¹ğŸ‘‘â¤ï¸,https://scontent-iad3-2.cdninstagram.com/v/t51.2885-19/461815566_854593193429646_3066868430544781959_n.jpg?stp=dst-jpg_s150x150&_nc_ht=scontent-iad3-2.cdninstagram.com&_nc_cat=106&_nc_ohc=NYCII2sEUlYQ7kNvgGexNy5&_nc_gid=4e64875e296a488fb18dd33beabf0b98&edm=APs17CUBAAAA&ccb=7-5&oh=00_AYAIziTWGIc3bBqoPLx2C_uz9PH6If9YvTn8g6NDZDNIwQ&oe=67107A49&_nc_sid=10d13b,,,object of type 'NoneType' has no len(),30,Woman
giahung0705,,https://scontent-iad3-1.cdninstagram.com/v/t51.2885-19/459189318_528532756208518_5090444348048187356_n.jpg?stp=dst-jpg_s150x150&_nc_ht=scontent-iad3-1.cdninstagram.com&_nc_cat=110&_nc_ohc=KTFJlBdsJ1cQ7kNvgHoJBgC&_nc_gid=4e64875e296a488fb18dd33beabf0b98&edm=APs17CUBAAAA&ccb=7-5&oh=00_AYAXo8KSkZERgjHvuVjGTCNEpHejhDn-akoIqrXY137AEg&oe=67107A94&_nc_sid=10d13b,,,object of type 'NoneType' has no len(),23,Man
imansalamati2,Ø®Ø§Ú© ØªÙˆ Ø³Ø±Øª Ø±ÙˆÙ†Ø§Ù„Ø¯Ùˆ,https://scontent-iad3-2.cdninstagram.com/v/t51.2885-19/462719965_933064515345449_1793401981744062419_n.jpg?stp=dst-jpg_s150x150&_nc_ht=scontent-iad3-2.cdninstagram.com&_nc_cat=105&_nc_ohc=b_e9UfzG70gQ7kNvgG-BrA-&_nc_gid=4e64875e296a488fb18dd33beabf0b98&edm=APs17CUBAAAA&ccb=7-5&oh=00_AYByaV0lK_K4NCRVd0onX9yBr5d-jX33EO7XF49fHS7gsA&oe=67107C98&_nc_sid=10d13b,Unknown,,object of type 'NoneType' has no len(),31,Man
bismitasamantaray,ğŸ”¥ğŸ”¥ğŸğŸğŸ‘‘,https://instagram.fphl1-1.fna.fbcdn.net/v/t51.2885-19/364277223_1289905178299339_7692593437375982968_n.jpg?stp=dst-jpg_s150x150&_nc_ht=instagram.fphl1-1.fna.fbcdn.net&_nc_cat=107&_nc_ohc=K1NdwdDjAMAQ7kNvgGeB7A3&_nc_gid=720adc770914438d80e34a75f791efaa&edm=APs17CUBAAAA&ccb=7-5&oh=00_AYBP3yyJVNPwxKBa0xNjsszxHxuHhuqez8bQMWI3K5XfXA&oe=67108414&_nc_sid=10d13b,,,object of type 'NoneType' has no len(),30,Man
gret.a5561,,https://instagram.fphl1-1.fna.fbcdn.net/v/t51.2885-19/462907684_507333298869862_1128683321016129985_n.jpg?stp=dst-jpg_s150x150&_nc_ht=instagram.fphl1-1.fna.fbcdn.net&_nc_cat=110&_nc_ohc=PPf7yOd6RNIQ7kNvgH1iajz&_nc_gid=720adc770914438d80e34a75f791efaa&edm=APs17CUBAAAA&ccb=7-5&oh=00_AYA8dnQc-KAcpuz0QuqVEset1A4eyeZZ3CJ2xl750qNAow&oe=67106E4E&_nc_sid=10d13b,,,object of type 'NoneType' has no len(),30,Woman
alone_boy821876,ğŸ˜ğŸ˜ğŸ˜ğŸ˜,https://scontent-lhr8-2.cdninstagram.com/v/t51.2885-19/462727314_1835789120285463_9078698965751364366_n.jpg?stp=dst-jpg_s150x150&_nc_ht=scontent-lhr8-2.cdninstagram.com&_nc_cat=103&_nc_ohc=eXP91XB6k8YQ7kNvgGmEpQW&_nc_gid=c065ae848bb44cc6973ac46db172fcaa&edm=APs17CUBAAAA&ccb=7-5&oh=00_AYBLgDC6x3Zwy8piSF1iux5OscGLmKnub_BoiNiXACawnQ&oe=671091B3&_nc_sid=10d13b,,,object of type 'NoneType' has no len(),30,Woman
mahendar_singh_panwar_777,Support please ğŸ¥ºğŸ¥º,https://scontent-lhr6-1.cdninstagram.com/v/t51.2885-19/454434390_503991972032037_8677708666502082924_n.jpg?stp=dst-jpg_s150x150&_nc_ht=scontent-lhr6-1.cdninstagram.com&_nc_cat=109&_nc_ohc=FdYK_gzvoSwQ7kNvgHA77Du&_nc_gid=c065ae848bb44cc6973ac46db172fcaa&edm=APs17CUBAAAA&ccb=7-5&oh=00_AYBTtsxPYr7y6ccd-GGgiQWGVP9RGDJIdbN2ELQU83Tdjw&oe=67108FE3&_nc_sid=10d13b,United States,US,English,30,Woman
jojobikesforlife,,https://scontent-lhr8-2.cdninstagram.com/v/t51.2885-19/459364701_1352257809068286_3444939675827750439_n.jpg?stp=dst-jpg_s150x150&_nc_ht=scontent-lhr8-2.cdninstagram.com&_nc_cat=106&_nc_ohc=zc8LQ0uy1qAQ7kNvgHQ2mhp&_nc_gid=c065ae848bb44cc6973ac46db172fcaa&edm=APs17CUBAAAA&ccb=7-5&oh=00_AYBmqLVSi8KF2xpGrbWBo1vvKkHS0oRSg186YSHLkPHCng&oe=67106F6E&_nc_sid=10d13b,,,object of type 'NoneType' has no len(),30,Woman
angelitomino,Messi juega al Paddel... Y el tambiÃ©n,https://scontent-lhr8-1.cdninstagram.com/v/t51.2885-19/425774573_417076837337207_6696747808026810570_n.jpg?stp=dst-jpg_s150x150&_nc_ht=scontent-lhr8-1.cdninstagram.com&_nc_cat=111&_nc_ohc=_9FaNQGOdy4Q7kNvgHrU5FE&_nc_gid=c065ae848bb44cc6973ac46db172fcaa&edm=APs17CUBAAAA&ccb=7-5&oh=00_AYBGwWKB0kkTcbKIy2Juwmz_Qn4FKsu_zXyt2pEvaAITTw&oe=671067FE&_nc_sid=10d13b,Catalonia,,object of type 'NoneType' has no len(),24,Man
williammacallister3,ğŸ‡³ğŸ‡¬ğŸ‡³ğŸ‡¬ğŸ‡³ğŸ‡¬,https://instagram.fdel2-3.fna.fbcdn.net/v/t51.2885-19/44884218_345707102882519_2446069589734326272_n.jpg?stp=dst-jpg_e0_s150x150&_nc_ht=instagram.fdel2-3.fna.fbcdn.net&_nc_cat=1&_nc_ohc=Eh9qeP5BGAUQ7kNvgFYbQTT&_nc_gid=560bc2afa1b14e85acb6d0151cb07a4c&edm=ALYf_s4BAAAA&ccb=7-5&ig_cache_key=YW5vbnltb3VzX3Byb2ZpbGVfcGlj.3-ccb7-5&oh=00_AYAAu2yx6VTiJCwib-5IQnwiQ00XFaRWi7LW70HYueFPfQ&oe=6710730F&_nc_sid=6c8ed9,,,object of type 'NoneType' has no len(),30,Woman
dr.claudioribeiro,ğŸ‘,https://instagram.fabe1-1.fna.fbcdn.net/v/t51.2885-19/455062237_368682289455610_2055927849196596951_n.jpg?stp=dst-jpg_s150x150&_nc_ht=instagram.fabe1-1.fna.fbcdn.net&_nc_cat=110&_nc_ohc=X6eOILG-IyEQ7kNvgEeKjVV&_nc_gid=e2ece8be733b412699d5cacb59279a3a&edm=APs17CUBAAAA&ccb=7-5&oh=00_AYD0HVX-RFJuhgrNXLabiYsgkDUTcFDakaP3YxZyN3jt4Q&oe=67106C9C&_nc_sid=10d13b,,,object of type 'NoneType' has no len(),36,Man
zedan_here,ğŸ”¥ğŸ”¥ğŸ”¥ğŸ”¥â¤ï¸,https://instagram.fbhk1-2.fna.fbcdn.net/v/t51.2885-19/44884218_345707102882519_2446069589734326272_n.jpg?stp=dst-jpg_e0_s150x150&_nc_ht=instagram.fbhk1-2.fna.fbcdn.net&_nc_cat=1&_nc_ohc=Eh9qeP5BGAUQ7kNvgGux7iO&_nc_gid=40f44a8512cd426cb4f0610814ad7619&edm=ALlQn9MBAAAA&ccb=7-5&ig_cache_key=YW5vbnltb3VzX3Byb2ZpbGVfcGlj.3-ccb7-5&oh=00_AYDVLSGxdLiVcvWHqMmrfvzCvUaWQOMt4dben7XK1lx4RA&oe=6710730F&_nc_sid=e7f676,,,object of type 'NoneType' has no len(),30,Woman
avcibugraefe,ğŸğŸğŸ Ronaldo,https://instagram.fabe1-1.fna.fbcdn.net/v/t51.2885-19/462556267_1041009358035645_3220315686906977306_n.jpg?stp=dst-jpg_s150x150&_nc_ht=instagram.fabe1-1.fna.fbcdn.net&_nc_cat=109&_nc_ohc=DsNDVCiZDUIQ7kNvgEOPaoh&_nc_gid=e2ece8be733b412699d5cacb59279a3a&edm=APs17CUBAAAA&ccb=7-5&oh=00_AYDMCFqGh1Szh4iKGSyd9opeoggH2H-I3A6Gyhbe1asqdA&oe=67107EEA&_nc_sid=10d13b,Spain,ES,Spanish,30,Woman
txss__dayanna,ğŸ˜ğŸ˜ğŸ˜,https://instagram.fabe1-1.fna.fbcdn.net/v/t51.2885-19/462926768_586744933689125_4579443563868204453_n.jpg?stp=dst-jpg_s150x150&_nc_ht=instagram.fabe1-1.fna.fbcdn.net&_nc_cat=105&_nc_ohc=UCty8ifor2oQ7kNvgHhyx5h&_nc_gid=e2ece8be733b412699d5cacb59279a3a&edm=APs17CUBAAAA&ccb=7-5&oh=00_AYDXLATqKfp9GsIiKV0Yii3j31zA3sG7FhMoKuaOwjjeTQ&oe=67108C7D&_nc_sid=10d13b,,,object of type 'NoneType' has no len(),30,Man
dens_2513,Ronaldo the real goat,https://instagram.fabe1-1.fna.fbcdn.net/v/t51.2885-19/462795662_421442214308217_5971638703206410351_n.jpg?stp=dst-jpg_s150x150&_nc_ht=instagram.fabe1-1.fna.fbcdn.net&_nc_cat=109&_nc_ohc=ex5yW-oABrEQ7kNvgF-OzSv&_nc_gid=e2ece8be733b412699d5cacb59279a3a&edm=APs17CUBAAAA&ccb=7-5&oh=00_AYDRJYSXnruzALPHnQOb_YO4IRYeA6dl1ZwP10Sg7nKHJw&oe=67107AFD&_nc_sid=10d13b,United States,US,English,30,Man
gabrielapallresgonzalez,TE AMO CRIS.â¤ï¸ğŸ”¥ğŸ,https://instagram.fsjo8-1.fna.fbcdn.net/v/t51.2885-19/459312004_1204375310778738_9092602953541666128_n.jpg?stp=dst-jpg_s150x150&_nc_ht=instagram.fsjo8-1.fna.fbcdn.net&_nc_cat=106&_nc_ohc=O2EnasPNjeQQ7kNvgFWbdkq&_nc_gid=ed18813ff267447c9c440b865a1dc215&edm=APs17CUBAAAA&ccb=7-5&oh=00_AYDSVbBd1njVoKBG4EOM5AnNKO3IBTe7wc4S9pJzr5h40g&oe=67109344&_nc_sid=10d13b,United States,US,English,30,Man
jesusfabriziocm,ğŸ”¥ğŸ”¥,https://instagram.fpoz3-1.fna.fbcdn.net/v/t51.2885-19/44884218_345707102882519_2446069589734326272_n.jpg?stp=dst-jpg_e0_s150x150&_nc_ht=instagram.fpoz3-1.fna.fbcdn.net&_nc_cat=1&_nc_ohc=Eh9qeP5BGAUQ7kNvgGs49h3&_nc_gid=75fecd74cd6541398e76fef54bc45834&edm=AJgCAUABAAAA&ccb=7-5&ig_cache_key=YW5vbnltb3VzX3Byb2ZpbGVfcGlj.3-ccb7-5&oh=00_AYB-q1vf1razFCkm0MOPLY1ZO0ZBFOTPN-QJcKqrJWI9cQ&oe=6710730F&_nc_sid=f93d1f,,,object of type 'NoneType' has no len(),30,Woman
___.anahittt.___,ğŸ‘ğŸ»,https://instagram.fsjo8-1.fna.fbcdn.net/v/t51.2885-19/461312260_881364743588860_8540235927564625922_n.jpg?stp=dst-jpg_s150x150&_nc_ht=instagram.fsjo8-1.fna.fbcdn.net&_nc_cat=104&_nc_ohc=2txHkw_fS7UQ7kNvgFM1Ei0&_nc_gid=ed18813ff267447c9c440b865a1dc215&edm=APs17CUBAAAA&ccb=7-5&oh=00_AYAGOvOphzkqfmAucVkVhmynBa7iG8ZUAAQ1xY6JbS-_Cg&oe=671066DC&_nc_sid=10d13b,,,object of type 'NoneType' has no len(),30,Man
ke_vi_nek_ma_privatt,Koste,https://instagram.fvns1-2.fna.fbcdn.net/v/t51.2885-19/448359924_1001105104745573_7961760024552265421_n.jpg?stp=dst-jpg_s150x150&_nc_ht=instagram.fvns1-2.fna.fbcdn.net&_nc_cat=105&_nc_ohc=v-kmu8uFY7EQ7kNvgH6VeWj&_nc_gid=4eb5cfc8b5b84d53af3dbcb4f56a994f&edm=APs17CUBAAAA&ccb=7-5&oh=00_AYCvqybMhqIIlMtIhARmuowxeBauAYEycnfoOt-WZOgbOg&oe=67108F65&_nc_sid=10d13b,Unknown,,object of type 'NoneType' has no len(),30,Man
djmrlover1,ğŸ”¥champ and legendary all the way blessed man,https://instagram.fvns1-1.fna.fbcdn.net/v/t51.2885-19/454363848_859427292917580_8072860416559152539_n.jpg?stp=dst-jpg_s150x150&_nc_ht=instagram.fvns1-1.fna.fbcdn.net&_nc_cat=100&_nc_ohc=MER81yaIpGkQ7kNvgFiz0g-&_nc_gid=4eb5cfc8b5b84d53af3dbcb4f56a994f&edm=APs17CUBAAAA&ccb=7-5&oh=00_AYCP4ugf-d33OtsmmA0YdK1814NwIx-gqxSlMjMUjampjg&oe=67107C81&_nc_sid=10d13b,United States,US,English,30,Man
princelyy_.1,â¤ï¸,https://instagram.fvns1-1.fna.fbcdn.net/v/t51.2885-19/458276464_493111823651459_4448532446056210451_n.jpg?stp=dst-jpg_s150x150&_nc_ht=instagram.fvns1-1.fna.fbcdn.net&_nc_cat=1&_nc_ohc=0taWpZRHcTEQ7kNvgHL_s5y&_nc_gid=4eb5cfc8b5b84d53af3dbcb4f56a994f&edm=APs17CUBAAAA&ccb=7-5&oh=00_AYAMNXFbSeLSYoiKh-r80KHhfefveik6rV7rxLqWd_wBHw&oe=6710798D&_nc_sid=10d13b,,,object of type 'NoneType' has no len(),30,Woman
kauanzinx_171,ğŸ,https://scontent-lga3-2.cdninstagram.com/v/t51.2885-19/462715550_1696100261184413_6621870796805574568_n.jpg?stp=dst-jpg_s150x150&_nc_ht=scontent-lga3-2.cdninstagram.com&_nc_cat=105&_nc_ohc=JyHx8xOyIdcQ7kNvgH78k71&_nc_gid=5850870f1237437d9496e023832af177&edm=APs17CUBAAAA&ccb=7-5&oh=00_AYDyhcbgzqssziNuE2cRWNUFh9AZTcERzwzLCNPU-85Xuw&oe=67108A37&_nc_sid=10d13b,,,object of type 'NoneType' has no len(),28,Man
amandeepkaur9292,ğŸğŸ you are the real goat and king ğŸ‘‘ğŸ‘‘,https://scontent-lga3-2.cdninstagram.com/v/t51.2885-19/162140590_888629225040136_1359104986119575471_n.jpg?stp=dst-jpg_s150x150&_nc_ht=scontent-lga3-2.cdninstagram.com&_nc_cat=104&_nc_ohc=P90e_2I7crYQ7kNvgHLCJLH&_nc_gid=5850870f1237437d9496e023832af177&edm=APs17CUBAAAA&ccb=7-5&oh=00_AYCTVn18WoTjwQat1vwE1_IdQOZoNq7goahkO6GvYzfN9A&oe=67106FCA&_nc_sid=10d13b,United States,US,English,30,Woman
emefaelewosi,Ronaldo is the most influential person in the world,https://scontent-lga3-2.cdninstagram.com/v/t51.2885-19/209256872_3860995524010857_3097281480043153394_n.jpg?stp=dst-jpg_s150x150&_nc_ht=scontent-lga3-2.cdninstagram.com&_nc_cat=109&_nc_ohc=f5mNWq3QAS0Q7kNvgF7AJ_X&_nc_gid=5850870f1237437d9496e023832af177&edm=APs17CUBAAAA&ccb=7-5&oh=00_AYBnC77ouwtXHNM2kgDUVYocaiy9yJS2KcXJuFIrWuLBmw&oe=67107B99&_nc_sid=10d13b,United States,US,English,29,Woman
rachithmadusanak,Do you  like to bey my friend ğŸ¤—,https://scontent-lga3-2.cdninstagram.com/v/t51.2885-19/241674062_599076497777728_6297659326938592503_n.jpg?stp=dst-jpg_s150x150&_nc_ht=scontent-lga3-2.cdninstagram.com&_nc_cat=104&_nc_ohc=5BwZl_VW2pkQ7kNvgE7gYxG&_nc_gid=5850870f1237437d9496e023832af177&edm=APs17CUBAAAA&ccb=7-5&oh=00_AYAC8w8TYv3Dj_6UiKda6ivUol5WiO0Ep34f-EwcoBM2Pw&oe=67108259&_nc_sid=10d13b,United States,US,English,36,Man
_just_ronaldo_fans_,CristanoooooooooğŸğŸ‘‘ siiuuuuuuuâ¤ï¸,https://scontent-lga3-2.cdninstagram.com/v/t51.2885-19/462356318_912824574062359_5371710707403289815_n.jpg?stp=dst-jpg_s150x150&_nc_ht=scontent-lga3-2.cdninstagram.com&_nc_cat=107&_nc_ohc=P9bVFk1qZQYQ7kNvgFXrz0T&_nc_gid=5850870f1237437d9496e023832af177&edm=APs17CUBAAAA&ccb=7-5&oh=00_AYDTLeyAsBZHWx4tIU1MgE-Clcc4vB7_jSUs3yFUFKSawg&oe=67109443&_nc_sid=10d13b,Somalia,SO,Language not found,30,Man
abolfaz_esi86,Ø¹Ø´Ù‚ Ø¯Ø§Ø¯Ø§Ø´ğŸ˜‚,https://instagram.fvce2-1.fna.fbcdn.net/v/t51.2885-19/459053149_862419315976503_8152120458107066157_n.jpg?stp=dst-jpg_s150x150&_nc_ht=instagram.fvce2-1.fna.fbcdn.net&_nc_cat=103&_nc_ohc=nzgTryagZtsQ7kNvgGYuTqp&_nc_gid=7bb09ce86aca4c6d9e1c07782a8072db&edm=APs17CUBAAAA&ccb=7-5&oh=00_AYAQBCRSo2MvB95N8X3SFn92aZJKO38VNTpK3YeUTBj-pg&oe=67107C52&_nc_sid=10d13b,Iran,IR,Language not found,30,Man
kevinbarrenetxea,ğŸ”¥ğŸ˜ğŸ™ŒğŸ‘‘ğŸ™Œ,https://instagram.fvce2-2.fna.fbcdn.net/v/t51.2885-19/461896872_1056539336471710_5087425504744345309_n.jpg?stp=dst-jpg_s150x150&_nc_ht=instagram.fvce2-2.fna.fbcdn.net&_nc_cat=110&_nc_ohc=-qB0DwZMancQ7kNvgEL8Re4&_nc_gid=7bb09ce86aca4c6d9e1c07782a8072db&edm=APs17CUBAAAA&ccb=7-5&oh=00_AYBBH7FQsS_pSXTc43wvg_cg7Pbry30b5mAWNIbECZBPeQ&oe=67107499&_nc_sid=10d13b,,,object of type 'NoneType' has no len(),30,Woman
pazkual_23,"Jaaa, ğŸ˜‚ğŸ˜‚ğŸ˜‚ si supieras",https://instagram.fvce2-2.fna.fbcdn.net/v/t51.2885-19/461298534_3850786721868725_814494449429629675_n.jpg?stp=dst-jpg_s150x150&_nc_ht=instagram.fvce2-2.fna.fbcdn.net&_nc_cat=105&_nc_ohc=7CVVhjffJ8EQ7kNvgGO2zRt&_nc_gid=7bb09ce86aca4c6d9e1c07782a8072db&edm=APs17CUBAAAA&ccb=7-5&oh=00_AYALnZ_MeDJ550Gu3SHB3wlZnXxGCeMFaXBw0izzHZFALw&oe=67106243&_nc_sid=10d13b,Finland,FI,Language not found,30,Man
abol_als_6685,Ø³Ù„Ø·Ø§Ø§Ø§Ù†ğŸ‘‘ğŸ,https://scontent-mia3-2.cdninstagram.com/v/t51.2885-19/456939093_1661775767931279_3423991657450101048_n.jpg?stp=dst-jpg_s150x150&_nc_ht=scontent-mia3-2.cdninstagram.com&_nc_cat=103&_nc_ohc=PtLz_o6sSucQ7kNvgEfCttb&_nc_gid=fb08c84e06d04ea9938ce55b8b1e863d&edm=APs17CUBAAAA&ccb=7-5&oh=00_AYAxoehVaBYCJZlHUgAMpk0mu_sVR7a2H7La1eTmvK5ATQ&oe=67108F90&_nc_sid=10d13b,Saudi Arabia,SA,Arabic,30,Man
mspatvari911,Soo,https://scontent-mia3-1.cdninstagram.com/v/t51.2885-19/454141479_1235740134117095_5877771559393422559_n.jpg?stp=dst-jpg_s150x150&_nc_ht=scontent-mia3-1.cdninstagram.com&_nc_cat=111&_nc_ohc=fz94CS0ltdQQ7kNvgGsf7rw&_nc_gid=fb08c84e06d04ea9938ce55b8b1e863d&edm=APs17CUBAAAA&ccb=7-5&oh=00_AYB6TCEW-UUI-N9idKRakdljVmYtbex6aaYsmhmhUOoh3Q&oe=67108380&_nc_sid=10d13b,Somalia,SO,Language not found,30,Man
aritra_2716,Damn ur Cristiano,https://scontent-mia3-2.cdninstagram.com/v/t51.2885-19/462705998_1593574621572573_1679820591966521633_n.jpg?stp=dst-jpg_s150x150&_nc_ht=scontent-mia3-2.cdninstagram.com&_nc_cat=109&_nc_ohc=LpMDgoCA4DkQ7kNvgFtH8tr&_nc_gid=fb08c84e06d04ea9938ce55b8b1e863d&edm=APs17CUBAAAA&ccb=7-5&oh=00_AYCyu4QMCxZhDgr7p0Q5GuINTEtrzDBZ2_KXKq2ltwtTrg&oe=6710692C&_nc_sid=10d13b,Romania,RO,Language not found,30,Woman
carlos_cisnerosrosado,ğŸ˜ğŸ˜ğŸ˜ğŸ˜ğŸ˜,https://scontent-mia3-1.cdninstagram.com/v/t51.2885-19/461454637_511038794895616_7329551485553820141_n.jpg?stp=dst-jpg_s150x150&_nc_ht=scontent-mia3-1.cdninstagram.com&_nc_cat=104&_nc_ohc=rf1LT6o-o3QQ7kNvgHhoazY&_nc_gid=fb08c84e06d04ea9938ce55b8b1e863d&edm=APs17CUBAAAA&ccb=7-5&oh=00_AYDoXO0bT-rXvEMet0eK4NmNY9FMIU4dwDNsSwgQvd9Ybg&oe=67108731&_nc_sid=10d13b,,,object of type 'NoneType' has no len(),30,Man
yosi_apr27,GILA ğŸ”¥ğŸ”¥ğŸ”¥,https://scontent-dfw5-2.cdninstagram.com/v/t51.2885-19/338927335_9627591613921336_3798195004890983239_n.jpg?stp=dst-jpg_s150x150&_nc_ht=scontent-dfw5-2.cdninstagram.com&_nc_cat=104&_nc_ohc=wZGREcC4OI4Q7kNvgEW2GIz&_nc_gid=aecd58b1ade04f008250ed741fe9b181&edm=APs17CUBAAAA&ccb=7-5&oh=00_AYDywYbW6XenTSgPI1bQ86A7KeTmoF9FABMjkx8GkzR8ow&oe=67107981&_nc_sid=10d13b,Somalia,SO,Language not found,30,Man
araujinho_micael,ğŸ”¥ğŸ”¥ğŸ”¥ğŸ”¥ğŸ”¥ğŸ”¥ğŸ”¥ğŸ”¥ğŸ”¥,https://scontent-dfw5-1.cdninstagram.com/v/t51.2885-19/460503769_1542037836688043_4396606128135284503_n.jpg?stp=dst-jpg_s150x150&_nc_ht=scontent-dfw5-1.cdninstagram.com&_nc_cat=111&_nc_ohc=HghlNtJJl9wQ7kNvgFH1vIm&_nc_gid=aecd58b1ade04f008250ed741fe9b181&edm=APs17CUBAAAA&ccb=7-5&oh=00_AYAz9aD21sTSt737eXTqG5kYZD5JpCEoP22GqCXAx1XQXA&oe=67108DF0&_nc_sid=10d13b,,,object of type 'NoneType' has no len(),30,Woman
eusougabriellucas,o melhor da histÃ³ria,https://scontent-dfw5-2.cdninstagram.com/v/t51.2885-19/462055300_1748416262593172_4428612578850127166_n.jpg?stp=dst-jpg_s150x150&_nc_ht=scontent-dfw5-2.cdninstagram.com&_nc_cat=108&_nc_ohc=xoMOtu3A_CQQ7kNvgFbt5Yz&_nc_gid=aecd58b1ade04f008250ed741fe9b181&edm=APs17CUBAAAA&ccb=7-5&oh=00_AYAcDn8pkbnIPipiHPqmo6LeJ-ZW3uWbwlBJpx9XPYTSCg&oe=671074DD&_nc_sid=10d13b,Portugal,PT,Language not found,26,Man
aba____s313,Ù…ÙŠØ³ÙŠ Ø¹Ù…Ùƒ ğŸ˜,https://scontent-dfw5-2.cdninstagram.com/v/t51.2885-19/462311660_1648012509101064_5398143854654296412_n.jpg?stp=dst-jpg_s150x150&_nc_ht=scontent-dfw5-2.cdninstagram.com&_nc_cat=100&_nc_ohc=AqyoZHj3tl8Q7kNvgE39tny&_nc_gid=aecd58b1ade04f008250ed741fe9b181&edm=APs17CUBAAAA&ccb=7-5&oh=00_AYA5QlYmwnKUpqqDjQ2MdAk37U1lA0oH5ytq3g_wtXoo_w&oe=67108DF0&_nc_sid=10d13b,Saudi Arabia,SA,Arabic,25,Man
amirhosein_al739,RONALDO ğŸ˜â¤ï¸â¤ï¸â¤ï¸ğŸ‘‘,https://scontent-dfw5-1.cdninstagram.com/v/t51.2885-19/350094582_1448824482585617_2985865641154032057_n.jpg?stp=dst-jpg_s150x150&_nc_ht=scontent-dfw5-1.cdninstagram.com&_nc_cat=105&_nc_ohc=erqsU6fTNBMQ7kNvgF6Phad&_nc_gid=aecd58b1ade04f008250ed741fe9b181&edm=APs17CUBAAAA&ccb=7-5&oh=00_AYBYrT4PIs3Fb5Ob0PunB-uaH8QVq1iMS8xeUIx1Z6mRuQ&oe=671072B9&_nc_sid=10d13b,Portugal,PT,Language not found,30,Woman
tamil__sexy__chat_21,ğŸ”¥ğŸ”¥ğŸ”¥,https://scontent-dfw5-2.cdninstagram.com/v/t51.2885-19/461933784_1585293322372944_6091763863844880880_n.jpg?stp=dst-jpg_s150x150&_nc_ht=scontent-dfw5-2.cdninstagram.com&_nc_cat=100&_nc_ohc=m0ldxTnp4egQ7kNvgGhzma4&_nc_gid=aecd58b1ade04f008250ed741fe9b181&edm=APs17CUBAAAA&ccb=7-5&oh=00_AYBNsD8ugJjK6kkzsc3n3Xt2dgzUBbGm9sUUYbcJLgaC-g&oe=67107DEE&_nc_sid=10d13b,,,object of type 'NoneType' has no len(),30,Man
workwith_bilal,ğŸ”¥ğŸ”¥,https://instagram.fnjf4-3.fna.fbcdn.net/v/t51.2885-19/44884218_345707102882519_2446069589734326272_n.jpg?stp=dst-jpg_e0_s150x150&_nc_ht=instagram.fnjf4-3.fna.fbcdn.net&_nc_cat=1&_nc_ohc=Eh9qeP5BGAUQ7kNvgFRkf85&_nc_gid=7fdf9d4573894ac7826af50e7db4a6ae&edm=AClPCLABAAAA&ccb=7-5&ig_cache_key=YW5vbnltb3VzX3Byb2ZpbGVfcGlj.3-ccb7-5&oh=00_AYDR39Cy7ObdL-pa_6FWSAIZFJDM2U7ZKAJNy1u8jeLOPw&oe=6710730F&_nc_sid=eec150,,,object of type 'NoneType' has no len(),30,Man
rezaalipour._1,â¤ï¸,https://scontent-dfw5-1.cdninstagram.com/v/t51.2885-19/460674197_1227960638623775_7338549277103669807_n.jpg?stp=dst-jpg_s150x150&_nc_ht=scontent-dfw5-1.cdninstagram.com&_nc_cat=111&_nc_ohc=rI1p64UXEvIQ7kNvgG5h5aL&_nc_gid=aecd58b1ade04f008250ed741fe9b181&edm=APs17CUBAAAA&ccb=7-5&oh=00_AYAYJEjX58BxMBkjG9zDjD1tnsMW8m7gKqSd2JAz5uki2A&oe=6710859C&_nc_sid=10d13b,,,object of type 'NoneType' has no len(),30,Woman
bencpsze,RonaldoBest,https://instagram.fcgh8-1.fna.fbcdn.net/v/t51.2885-19/334116963_5989027751183794_3018907152566647411_n.jpg?stp=dst-jpg_s150x150&_nc_ht=instagram.fcgh8-1.fna.fbcdn.net&_nc_cat=110&_nc_ohc=mzlgB-VyraYQ7kNvgEyEZ8A&_nc_gid=36c94f183f3b4885abbfe33393ea810c&edm=APs17CUBAAAA&ccb=7-5&oh=00_AYBYiYtzQGrYkTg4kaX3uefEcqgwfgNeUoxpfRKNr4KlzA&oe=67107134&_nc_sid=10d13b,Romania,RO,Language not found,30,Man
lemtx7,ğŸ‘‘,https://instagram.fcgh8-1.fna.fbcdn.net/v/t51.2885-19/450958916_1154921045814855_475616829839423644_n.jpg?stp=dst-jpg_s150x150&_nc_ht=instagram.fcgh8-1.fna.fbcdn.net&_nc_cat=103&_nc_ohc=D0eVZ2an4VYQ7kNvgF0XQUn&_nc_gid=36c94f183f3b4885abbfe33393ea810c&edm=APs17CUBAAAA&ccb=7-5&oh=00_AYBCdJyXGfZ1ftBDhZpGzQl0OkNm-V8jJ_PvGJgOQCYovA&oe=671095B0&_nc_sid=10d13b,,,object of type 'NoneType' has no len(),23,Man
skhndr_jawid2262,Ø³Ù„Ø§Ù…,https://instagram.fcgh8-1.fna.fbcdn.net/v/t51.2885-19/272977091_455314529663583_6917340826599953754_n.jpg?stp=dst-jpg_s150x150&_nc_ht=instagram.fcgh8-1.fna.fbcdn.net&_nc_cat=103&_nc_ohc=nEUvbKRPfjoQ7kNvgEnGA9Y&_nc_gid=36c94f183f3b4885abbfe33393ea810c&edm=APs17CUBAAAA&ccb=7-5&oh=00_AYABJEKV1t_Aa7FlRBwuPT_8ZRB6VtNyuxwJa5_F5oXJaQ&oe=6710763A&_nc_sid=10d13b,Unknown,,object of type 'NoneType' has no len(),25,Man
1lafilledhiver,â¤ï¸â¤ï¸â¤ï¸â¤ï¸â¤ï¸â¤ï¸,https://instagram.fcgh68-1.fna.fbcdn.net/v/t51.2885-19/461282273_2734740646687520_1766188171904317950_n.jpg?stp=dst-jpg_s150x150&_nc_ht=instagram.fcgh68-1.fna.fbcdn.net&_nc_cat=108&_nc_ohc=QGTtpPSjYwkQ7kNvgGA0g-5&_nc_gid=36c94f183f3b4885abbfe33393ea810c&edm=APs17CUBAAAA&ccb=7-5&oh=00_AYCTV8OLEyTN7qgkFNcM8VZnHEUWlaJkFn04XIcFL-6z1g&oe=67106B89&_nc_sid=10d13b,,,object of type 'NoneType' has no len(),30,Woman
mr__ferferiii,Ronaldoâ¤ï¸â¤ï¸â¤ï¸â¤ï¸â¤ï¸,https://instagram.fcgh68-1.fna.fbcdn.net/v/t51.2885-19/319806796_429796539233028_5690945834353102622_n.jpg?stp=dst-jpg_s150x150&_nc_ht=instagram.fcgh68-1.fna.fbcdn.net&_nc_cat=100&_nc_ohc=qV5jelRjpU0Q7kNvgFcpnp2&_nc_gid=36c94f183f3b4885abbfe33393ea810c&edm=APs17CUBAAAA&ccb=7-5&oh=00_AYCnMtGXvrVxpByhWV_jVzk1N8iKKS8-sJ77AJ-3jpV8-g&oe=671060A2&_nc_sid=10d13b,Spain,ES,Spanish,30,Man
emery.nkunzimana.3194,Ronaldo IS yaur beautiful,https://instagram.fcgh68-1.fna.fbcdn.net/v/t51.2885-19/434659881_430677616160743_2806617742923094963_n.jpg?stp=dst-jpg_s150x150&_nc_ht=instagram.fcgh68-1.fna.fbcdn.net&_nc_cat=107&_nc_ohc=ozhDn8wwgPYQ7kNvgHlN8fp&_nc_gid=36c94f183f3b4885abbfe33393ea810c&edm=APs17CUBAAAA&ccb=7-5&oh=00_AYA_OzjH9GGDPshgztS8EoKuXEP5iF9NQJrRdiRPUQQugw&oe=67108285&_nc_sid=10d13b,Indonesia,ID,Indonesian,31,Man
md_akram_rider,â¤ï¸â¤ï¸â¤ï¸,https://scontent-lga3-2.cdninstagram.com/v/t51.2885-19/454410909_487591323860944_3809716123037961523_n.jpg?stp=dst-jpg_s150x150&_nc_ht=scontent-lga3-2.cdninstagram.com&_nc_cat=104&_nc_ohc=NabiaVb8kuUQ7kNvgFOic3n&_nc_gid=d4e46a7c704443c39ff4cc6d4e2c9536&edm=APs17CUBAAAA&ccb=7-5&oh=00_AYAGGLoW1labAts0nYeO3BvPO3mrWiZYwyBaGQxHjtD3tQ&oe=671066A5&_nc_sid=10d13b,,,object of type 'NoneType' has no len(),30,Woman
bellobrawlstars,Messi daha iyi,https://scontent-lga3-1.cdninstagram.com/v/t51.2885-19/462721785_516839661122135_4121837606134574391_n.jpg?stp=dst-jpg_s150x150&_nc_ht=scontent-lga3-1.cdninstagram.com&_nc_cat=111&_nc_ohc=7vefOWBruFQQ7kNvgF97lrE&_nc_gid=d4e46a7c704443c39ff4cc6d4e2c9536&edm=APs17CUBAAAA&ccb=7-5&oh=00_AYC89WceAxDzX4EAu0swS-aS1YKa3GOSKG0538yLPn4oMg&oe=671087C4&_nc_sid=10d13b,Somalia,SO,Language not found,30,Man
antoinetremblay2324,ğŸğŸğŸğŸ,https://scontent-lga3-1.cdninstagram.com/v/t51.2885-19/462726158_1072628094510935_7275784074253757875_n.jpg?stp=dst-jpg_s150x150&_nc_ht=scontent-lga3-1.cdninstagram.com&_nc_cat=111&_nc_ohc=WEwSiVOdolIQ7kNvgE0x2VW&_nc_gid=d4e46a7c704443c39ff4cc6d4e2c9536&edm=APs17CUBAAAA&ccb=7-5&oh=00_AYBIP-2OqxX9WSL1I-3EKcbZ10oKexr9sZmXvhp-IZF0gw&oe=671073F0&_nc_sid=10d13b,,,object of type 'NoneType' has no len(),30,Woman
norma.tov06,ğŸ‡ºğŸ‡¿ğŸ‡ºğŸ‡¿ğŸ‡ºğŸ‡¿ğŸ‡ºğŸ‡¿ğŸ‡ºğŸ‡¿ğŸ‡ºğŸ‡¿ğŸ‡ºğŸ‡¿ğŸ‡ºğŸ‡¿ğŸ‡ºğŸ‡¿ğŸ‡ºğŸ‡¿ğŸ‡ºğŸ‡¿ğŸ‡ºğŸ‡¿ğŸ‡ºğŸ‡¿ğŸ‡ºğŸ‡¿Uzbek sila,https://scontent-lga3-1.cdninstagram.com/v/t51.2885-19/453524725_504845661901490_8236111024167192271_n.jpg?stp=dst-jpg_s150x150&_nc_ht=scontent-lga3-1.cdninstagram.com&_nc_cat=102&_nc_ohc=Hd9FF9HkaAcQ7kNvgGEZsEf&_nc_gid=d4e46a7c704443c39ff4cc6d4e2c9536&edm=APs17CUBAAAA&ccb=7-5&oh=00_AYAX8CHHnz6_xBDUMxfQxuZ0RXnyKv748uS30fNk2sBY_g&oe=67108986&_nc_sid=10d13b,,,object of type 'NoneType' has no len(),30,Man
feruizlo1,ğŸ‘,https://instagram.fgyd8-1.fna.fbcdn.net/v/t51.2885-19/44884218_345707102882519_2446069589734326272_n.jpg?stp=dst-jpg_e0_s150x150&_nc_ht=instagram.fgyd8-1.fna.fbcdn.net&_nc_cat=1&_nc_ohc=Eh9qeP5BGAUQ7kNvgE0uggl&_nc_gid=5d0aafbacad14cbdaa6d180cf6ed7411&edm=AJgCAUABAAAA&ccb=7-5&ig_cache_key=YW5vbnltb3VzX3Byb2ZpbGVfcGlj.3-ccb7-5&oh=00_AYA4MDytHtBNWm2Dv0DBQQPkQhEezE_Hx34VXRH-hrcltA&oe=6710730F&_nc_sid=f93d1f,,,object of type 'NoneType' has no len(),30,Man
hussain_tungekar_10,ğŸ‡µğŸ‡¹ğŸ‡µğŸ‡¹ğŸ‡µğŸ‡¹ğŸ‡µğŸ‡¹ğŸ‡µğŸ‡¹ğŸ‡µğŸ‡¹ğŸ‡µğŸ‡¹ğŸğŸğŸğŸ,https://scontent-ord5-2.cdninstagram.com/v/t51.2885-19/461839655_1219417405970439_4081044089756955330_n.jpg?stp=dst-jpg_s150x150&_nc_ht=scontent-ord5-2.cdninstagram.com&_nc_cat=103&_nc_ohc=GOk0UiBTfTMQ7kNvgEfVhYV&_nc_gid=8bebb3e7542c4e0bb8ac98ad0ab71b81&edm=APs17CUBAAAA&ccb=7-5&oh=00_AYCxq3Pb5i26Hl1--HkOpe3tv5ThgpiVsOrtWVsQGxl7uw&oe=67106ED1&_nc_sid=10d13b,,,object of type 'NoneType' has no len(),30,Man
elithe3747,ğŸğŸğŸ‡µğŸ‡¹ğŸ‡µğŸ‡¹ğŸ‡µğŸ‡¹ğŸğŸ,https://scontent-ord5-1.cdninstagram.com/v/t51.2885-19/410795469_273532988675168_3798735274272535270_n.jpg?stp=dst-jpg_s150x150&_nc_ht=scontent-ord5-1.cdninstagram.com&_nc_cat=108&_nc_ohc=cgA69b7brsQQ7kNvgEL_KMQ&_nc_gid=8bebb3e7542c4e0bb8ac98ad0ab71b81&edm=APs17CUBAAAA&ccb=7-5&oh=00_AYB65OM91D2UeWAg-xCI8A6xVHIYVR11ZT1fXtMIqkh1FA&oe=67106A4B&_nc_sid=10d13b,,,object of type 'NoneType' has no len(),30,Man
hmza_.17,ğŸ‡µğŸ‡¹ğŸ‡µğŸ‡¹ğŸ‡µğŸ‡¹ğŸ‡µğŸ‡¹ğŸğŸğŸğŸğŸ,https://instagram.flko1-2.fna.fbcdn.net/v/t51.2885-19/459261224_1349701682657876_5156480017676769960_n.jpg?stp=dst-jpg_s150x150&_nc_ht=instagram.flko1-2.fna.fbcdn.net&_nc_cat=108&_nc_ohc=bKLjfrHdeosQ7kNvgEX78B-&_nc_gid=9e147c82f27b479ab146de78cfedad40&edm=APs17CUBAAAA&ccb=7-5&oh=00_AYAQyQV7jgZnqZ8m5XKFRV4JnOm1HYp4UqXDyLNOXNfvRQ&oe=67106BAB&_nc_sid=10d13b,,,object of type 'NoneType' has no len(),35,Man
x_tawist_x,ğŸ¦¾ğŸ‡µğŸ‡¹ğŸ‡µğŸ‡¹ğŸ‡µğŸ‡¹ğŸ‡µğŸ‡¹ğŸ‡µğŸ‡¹ğŸ”¥ğŸ”¥ğŸ”¥ğŸ”¥ğŸ‘ğŸ‘7ğŸ‘‘,https://instagram.flko1-1.fna.fbcdn.net/v/t51.2885-19/462724031_479594155072647_8599825868668957903_n.jpg?stp=dst-jpg_s150x150&_nc_ht=instagram.flko1-1.fna.fbcdn.net&_nc_cat=103&_nc_ohc=5v1Nk8XzMV8Q7kNvgFU18Mq&_nc_gid=9e147c82f27b479ab146de78cfedad40&edm=APs17CUBAAAA&ccb=7-5&oh=00_AYA3EMufimip6-P7MUTSzRfqvAqTfJnrgEqsBgzUgNRaLw&oe=67107230&_nc_sid=10d13b,,,object of type 'NoneType' has no len(),30,Woman
bad_verson,Suuui if you are a real goat then you will reply me ğŸ,https://instagram.flko1-1.fna.fbcdn.net/v/t51.2885-19/461881631_1765477867601489_3592561057750375785_n.jpg?stp=dst-jpg_s150x150&_nc_ht=instagram.flko1-1.fna.fbcdn.net&_nc_cat=105&_nc_ohc=N2CoDW15lTwQ7kNvgFRTi2f&_nc_gid=9e147c82f27b479ab146de78cfedad40&edm=APs17CUBAAAA&ccb=7-5&oh=00_AYDGkkazK-jBTVNfvg5wLjMSwx8xT3GAszeLt-FvbYKaqg&oe=67107F6A&_nc_sid=10d13b,United States,US,English,30,Woman
rebel__mind9,Luv uhh forever,https://instagram.flko1-1.fna.fbcdn.net/v/t51.2885-19/461881634_1170247654073280_3548627091617657311_n.jpg?stp=dst-jpg_s150x150&_nc_ht=instagram.flko1-1.fna.fbcdn.net&_nc_cat=100&_nc_ohc=taOOM-CLdgMQ7kNvgGd0avO&_nc_gid=9e147c82f27b479ab146de78cfedad40&edm=APs17CUBAAAA&ccb=7-5&oh=00_AYDju_K5_DSTihclsgyGfniCAoWrXWmtc3wJYWGeH-CyIg&oe=67106D1F&_nc_sid=10d13b,Norway,NO,Language not found,30,Woman
menachoarthur,Oi Cris tudo bem melhor do mundo,https://instagram.flko1-1.fna.fbcdn.net/v/t51.2885-19/435026928_1449745792646399_8990634623887555539_n.jpg?stp=dst-jpg_s150x150&_nc_ht=instagram.flko1-1.fna.fbcdn.net&_nc_cat=111&_nc_ohc=tZrLiIa4D-kQ7kNvgHUoNt-&_nc_gid=9e147c82f27b479ab146de78cfedad40&edm=APs17CUBAAAA&ccb=7-5&oh=00_AYCB9wQA8a2enXiJwj3t0W1yUwPEIHjEIZ_7F2ixorDlmg&oe=67108EC4&_nc_sid=10d13b,Portugal,PT,Language not found,26,Woman
themystiquecreature,G.O.A.TğŸ Suii,https://instagram.fhyw1-1.fna.fbcdn.net/v/t51.2885-19/420119526_1221037235331525_8923346929508562607_n.jpg?stp=dst-jpg_s150x150&_nc_ht=instagram.fhyw1-1.fna.fbcdn.net&_nc_cat=109&_nc_ohc=fdGBwr-nmLYQ7kNvgEjfz7m&_nc_gid=4a1b07d62d1b41c380dc9eff43ce8ad7&edm=APs17CUBAAAA&ccb=7-5&oh=00_AYCrzgUe2p20PMhhyiN48d-dljZhLr1n9Siw0hfnqlPFFQ&oe=671077E2&_nc_sid=10d13b,Portugal,PT,Language not found,30,Woman
nasim.af.98,ğŸâœ–ï¸âœ–ï¸ğŸªâ˜‘ï¸â˜‘ï¸ğŸ¤Œ,https://instagram.fhyw1-1.fna.fbcdn.net/v/t51.2885-19/453472834_1182590609644734_6397296209409705302_n.jpg?stp=dst-jpg_s150x150&_nc_ht=instagram.fhyw1-1.fna.fbcdn.net&_nc_cat=106&_nc_ohc=k1E8hzgztNoQ7kNvgHTChNa&_nc_gid=4a1b07d62d1b41c380dc9eff43ce8ad7&edm=APs17CUBAAAA&ccb=7-5&oh=00_AYBBj66zAXo-b_trNddJPW0_XvuLv91EM2VY_RLnuQxyrw&oe=6710799C&_nc_sid=10d13b,,,object of type 'NoneType' has no len(),22,Man
20_07_pgs,ğŸ”¥,https://instagram.fhyw1-1.fna.fbcdn.net/v/t51.2885-19/461657489_407506542393539_4142272976532604289_n.jpg?stp=dst-jpg_s150x150&_nc_ht=instagram.fhyw1-1.fna.fbcdn.net&_nc_cat=111&_nc_ohc=Mbb-AmgpbLEQ7kNvgH50yD-&_nc_gid=4a1b07d62d1b41c380dc9eff43ce8ad7&edm=APs17CUBAAAA&ccb=7-5&oh=00_AYDoqYqtneM-CGqu2bPyvX3gi032tNF-egcRWKof5F5CsQ&oe=67108C11&_nc_sid=10d13b,,,object of type 'NoneType' has no len(),30,Woman
pl.nazanin,Ø§ÙˆÙ† ØªÙˆ Ú¯Ù… Ù†Ø´Ø¯ÛŒ Ø¯Ø± Ø¹Ø±Ø¨Ø³ØªØ§Ù† ØªØ±Ú©ÛŒØ¨ Ø§Ø² Ø´Ø§Ù‡Ø²Ø§Ø¯Ù‡ Ø§ÛŒØ±Ø§Ù†ÛŒ Ø³Ø§Ù† Ø´Ù† Ù‡Ø§ Ø¬Ù†Ú¯Ù„ Ø§ÙˆØ´Ù† Ø¹Ø±Ø¨Ø³ØªØ§Ù† Ø§Ù†Ú†Ø§Ø±ØªØ¯Û³ Ùˆ ..... Ù¾Ø³ Ø¨Ù‡ØªØ±Ù‡ Ø±ÙˆÙ†Ø§Ù„Ø¯Ùˆ ÙÛŒÙ„Ù… Ø´Ø§Ù‡Ø²Ø§Ø¯Ù‡ Ø§ÛŒØ±Ø§Ù†ÛŒ Ø¬Ø¯ÛŒØ¯ Ø¨Ø¨ÛŒÙ†ÛŒ Ø´Ù† Ø³Ù„Ù…Ø§Ù† ÙØ§Ø±Ø³ÛŒ Û³Û°Û° Ù†ÛŒ Ø§Ø³Ù¾Ø§Ø±ØªØ§Ú©ÙˆØ³ Ù†ÛŒ ØªØ±Ú©ÛŒØ¨ Ù…ÙˆÙ‚Ø¹ÛŒØª Ø¬ØºØ±Ø§ÙÛŒØ§ÛŒÛŒ Ùˆ ØµØ¯Ø§ Ø§ÙÚ©Øª Ù‡Ø§ Ø±Ø§Ø¨Ø·Ù‡ Ø§ÛŒØ±Ø§Ù†ÛŒ Ø§ÙˆÙ† Ù…ÙˆÙ‚Ø¹ Ø¬Ø²ÛŒØ±Ù‡ Ù†ÛŒ,https://instagram.fhyw1-1.fna.fbcdn.net/v/t51.2885-19/461798040_1726411968205203_3340375543332481041_n.jpg?stp=dst-jpg_s150x150&_nc_ht=instagram.fhyw1-1.fna.fbcdn.net&_nc_cat=103&_nc_ohc=38itT0tXRUcQ7kNvgHVXn-h&_nc_gid=4a1b07d62d1b41c380dc9eff43ce8ad7&edm=APs17CUBAAAA&ccb=7-5&oh=00_AYBQyLMqAnt0lgQi0tlwaS1fleLNd1HZK_z8xkQzKravaQ&oe=67108A5C&_nc_sid=10d13b,Iran,IR,Language not found,31,Woman
toh1rjon_oo9,Hamma oÊ»zbek ğŸ˜‚,https://instagram.fhyw1-1.fna.fbcdn.net/v/t51.2885-19/461603451_503380735861741_9061561033632943399_n.jpg?stp=dst-jpg_s150x150&_nc_ht=instagram.fhyw1-1.fna.fbcdn.net&_nc_cat=101&_nc_ohc=N8GaMA0hOUkQ7kNvgGgxGdn&_nc_gid=4a1b07d62d1b41c380dc9eff43ce8ad7&edm=APs17CUBAAAA&ccb=7-5&oh=00_AYB-I67h1SVgpbCnAUzRa10iM8HjqZ0CPI80Gw3_NfLcNA&oe=671085FC&_nc_sid=10d13b,Hungary,HU,Language not found,30,Woman
rafi__xenju,ğŸğŸğŸğŸğŸ,https://instagram.fhyw1-1.fna.fbcdn.net/v/t51.2885-19/318872980_1352132768658936_9122011188795192744_n.jpg?stp=dst-jpg_s150x150&_nc_ht=instagram.fhyw1-1.fna.fbcdn.net&_nc_cat=100&_nc_ohc=jbJPSX6BkUwQ7kNvgEeijX9&_nc_gid=4a1b07d62d1b41c380dc9eff43ce8ad7&edm=APs17CUBAAAA&ccb=7-5&oh=00_AYBB1Qz9KtY1NQZyr0JMalxYBRbcKBznmiE9hQ2xrwCNyQ&oe=67107DE1&_nc_sid=10d13b,,,object of type 'NoneType' has no len(),30,Woman
fravienh,â¤ï¸,https://scontent-fra3-2.cdninstagram.com/v/t51.2885-19/44884218_345707102882519_2446069589734326272_n.jpg?_nc_ht=scontent-fra3-2.cdninstagram.com&_nc_cat=1&_nc_ohc=Eh9qeP5BGAUQ7kNvgG6trmI&_nc_gid=04f6ec7e69164c52b36d13e2156ba5a4&edm=AAAAAAABAAAA&ccb=7-5&ig_cache_key=YW5vbnltb3VzX3Byb2ZpbGVfcGlj.3-ccb7-5&oh=00_AYAZO2ccPUS6I7H5NdTYpKQMjCH6GL65Hfx8OFBAkizW8Q&oe=6710730F&_nc_sid=328259,,,object of type 'NoneType' has no len(),30,Woman
palwasha_usman3,â¤ï¸ğŸ‘‘,https://scontent-lga3-1.cdninstagram.com/v/t51.2885-19/461874747_1222404792415935_6231417213204314664_n.jpg?stp=dst-jpg_s150x150&_nc_ht=scontent-lga3-1.cdninstagram.com&_nc_cat=103&_nc_ohc=8lkf-cHwgmwQ7kNvgF_VM00&_nc_gid=8a63604b35354a4a8363612f9a97e322&edm=APs17CUBAAAA&ccb=7-5&oh=00_AYDm0jHnFN3mMT77XvYglixcsj2P3bX8x2meN4QZkpOyLQ&oe=67106604&_nc_sid=10d13b,,,object of type 'NoneType' has no len(),30,Man
alexcolbert73,"Same address , old school ,all night",https://scontent-lga3-1.cdninstagram.com/v/t51.2885-19/452122249_989666409617900_86606479779211634_n.jpg?stp=dst-jpg_s150x150&_nc_ht=scontent-lga3-1.cdninstagram.com&_nc_cat=108&_nc_ohc=Ct3SlKFGFMcQ7kNvgEST3Dp&_nc_gid=8a63604b35354a4a8363612f9a97e322&edm=APs17CUBAAAA&ccb=7-5&oh=00_AYCzTBh56UwD9Cw-q0AuqRY3gE4wLp-HT6U4uY4mB-HJgg&oe=67109194&_nc_sid=10d13b,United States,US,English,30,Woman
simpl_eboyshivamyadav,â¤ï¸â¤ï¸â¤ï¸,https://scontent-lga3-1.cdninstagram.com/v/t51.2885-19/459266874_1546906326033351_7176708911614067799_n.jpg?stp=dst-jpg_s150x150&_nc_ht=scontent-lga3-1.cdninstagram.com&_nc_cat=103&_nc_ohc=6FespfGVNVgQ7kNvgFqQRfM&_nc_gid=8a63604b35354a4a8363612f9a97e322&edm=APs17CUBAAAA&ccb=7-5&oh=00_AYAI0YFfGHa0EKDWmoPh4coOgF8XA2B_Y-IOFeybgw3Uiw&oe=67106608&_nc_sid=10d13b,,,object of type 'NoneType' has no len(),29,Man
elgii_28,ğŸ”¥ğŸ”¥ğŸ,https://scontent-lga3-1.cdninstagram.com/v/t51.2885-19/324888155_882818073040338_4088534636779682530_n.jpg?stp=dst-jpg_s150x150&_nc_ht=scontent-lga3-1.cdninstagram.com&_nc_cat=106&_nc_ohc=97E5sZ-Gj14Q7kNvgFYGfOM&_nc_gid=8a63604b35354a4a8363612f9a97e322&edm=APs17CUBAAAA&ccb=7-5&oh=00_AYDuPkWN_N8T4kA0w3bskAxXdg7UdLNHv1BQSovMI-udmQ&oe=67106539&_nc_sid=10d13b,,,object of type 'NoneType' has no len(),30,Woman
biijji.th_,ğŸ”¥,https://scontent-lga3-1.cdninstagram.com/v/t51.2885-19/453655351_800844472233671_3871590801529815345_n.jpg?stp=dst-jpg_s150x150&_nc_ht=scontent-lga3-1.cdninstagram.com&_nc_cat=111&_nc_ohc=DHgRtlhBDmEQ7kNvgHFVkcf&_nc_gid=8a63604b35354a4a8363612f9a97e322&edm=APs17CUBAAAA&ccb=7-5&oh=00_AYCBLyxw_Hq0SCHzqjIBn3yidnJWo4FrOIx7o2OmEgtTkQ&oe=671086AB&_nc_sid=10d13b,,,object of type 'NoneType' has no len(),30,Woman
yo.uness2059,Ronaldo love youâ¤ï¸â¤ï¸,https://scontent-lga3-2.cdninstagram.com/v/t51.2885-19/462434255_1070872324713777_937559330600827259_n.jpg?stp=dst-jpg_s150x150&_nc_ht=scontent-lga3-2.cdninstagram.com&_nc_cat=109&_nc_ohc=6ZABUxyIYsMQ7kNvgF69-eT&_nc_gid=8a63604b35354a4a8363612f9a97e322&edm=APs17CUBAAAA&ccb=7-5&oh=00_AYAX9CS72AKm-KrIFzVJS6nvnZaPR-cbPzUO-LDW7OxNbQ&oe=67107782&_nc_sid=10d13b,Spain,ES,Spanish,30,Man
abdulhayturgunpolatov,Uzbeklar ham bormiğŸ˜‚,https://scontent-lga3-1.cdninstagram.com/v/t51.2885-19/460676229_2005441916615350_7139825181585868002_n.jpg?stp=dst-jpg_s150x150&_nc_ht=scontent-lga3-1.cdninstagram.com&_nc_cat=110&_nc_ohc=VhVz8UbeN2AQ7kNvgHa3Pkd&_nc_gid=8a63604b35354a4a8363612f9a97e322&edm=APs17CUBAAAA&ccb=7-5&oh=00_AYDLsTLM1ctcKE2BXKSfah5eWw5aetuZMiuITG13lxAIXA&oe=671082D5&_nc_sid=10d13b,Turkey,,object of type 'NoneType' has no len(),30,Man
__hossain7__,ğŸ”¥ğŸ”¥ğŸ”¥ğŸ”¥ğŸ”¥ğŸ”¥ğŸ”¥ğŸ”¥ğŸ”¥ğŸ”¥ğŸ”¥ğŸ”¥ğŸ”¥ğŸ”¥ğŸ”¥ğŸ”¥ğŸ”¥ğŸ”¥ğŸ”¥ğŸ”¥ğŸ”¥ğŸ”¥,https://instagram.fnbo18-1.fna.fbcdn.net/v/t51.2885-19/277999258_351784130339706_7250416599168759129_n.jpg?stp=dst-jpg_s150x150&_nc_ht=instagram.fnbo18-1.fna.fbcdn.net&_nc_cat=106&_nc_ohc=ro_cNBy6lhkQ7kNvgGRqNOL&_nc_gid=e922afa6737844b781e897297abfc419&edm=APs17CUBAAAA&ccb=7-5&oh=00_AYBO1P-SbmdinnZGeiFZL6G-3N0haOF6Y13IRSVnnLJLIg&oe=67108935&_nc_sid=10d13b,,,object of type 'NoneType' has no len(),30,Woman
alfrzq_12,ğŸ‘‘,https://instagram.fnbo18-1.fna.fbcdn.net/v/t51.2885-19/449465630_994073425303424_1995643623713917695_n.jpg?stp=dst-jpg_s150x150&_nc_ht=instagram.fnbo18-1.fna.fbcdn.net&_nc_cat=108&_nc_ohc=uFGLn-Zc3qwQ7kNvgGw9ZKf&_nc_gid=e922afa6737844b781e897297abfc419&edm=APs17CUBAAAA&ccb=7-5&oh=00_AYDC36CkoqtkvQQVCkgF0NI_FwMUvhnKCifzZswNTdaaqw&oe=6710931A&_nc_sid=10d13b,,,object of type 'NoneType' has no len(),30,Woman
haxham_hasham,ğŸ˜¢,https://instagram.fnbo18-1.fna.fbcdn.net/v/t51.2885-19/461953411_1178520326579904_2974968494483074540_n.jpg?stp=dst-jpg_s150x150&_nc_ht=instagram.fnbo18-1.fna.fbcdn.net&_nc_cat=100&_nc_ohc=-cWdrsUdHDUQ7kNvgFi92ka&_nc_gid=e922afa6737844b781e897297abfc419&edm=APs17CUBAAAA&ccb=7-5&oh=00_AYA0XC5gtH34xIcZ88DrvWNgXX37iKLPv2u-YZsX9RtZ2A&oe=671060EA&_nc_sid=10d13b,,,object of type 'NoneType' has no len(),30,Man
asad__18._,,https://instagram.fnbo18-1.fna.fbcdn.net/v/t51.2885-19/462700211_1207592710495229_4836457426172312270_n.jpg?stp=dst-jpg_s150x150&_nc_ht=instagram.fnbo18-1.fna.fbcdn.net&_nc_cat=105&_nc_ohc=pcRRicRuwAEQ7kNvgG2SlUn&_nc_gid=e922afa6737844b781e897297abfc419&edm=APs17CUBAAAA&ccb=7-5&oh=00_AYB5GESJrKKsicj4Ja9YSSFnrYN-_bywbtjmuEaqCvFncA&oe=67106728&_nc_sid=10d13b,,,object of type 'NoneType' has no len(),30,Man
orazshokhnavruzzoda,Cr7ğŸ,https://instagram.fnbo18-1.fna.fbcdn.net/v/t51.2885-19/461773007_1561604908571935_4736422190166509189_n.jpg?stp=dst-jpg_s150x150&_nc_ht=instagram.fnbo18-1.fna.fbcdn.net&_nc_cat=107&_nc_ohc=-j71zyflB44Q7kNvgGB99CE&_nc_gid=e922afa6737844b781e897297abfc419&edm=APs17CUBAAAA&ccb=7-5&oh=00_AYACn6t4AFXt48x5k519DKVZbyt1XV4yTKp_aUpUTXF5kw&oe=67108705&_nc_sid=10d13b,Unknown,,object of type 'NoneType' has no len(),30,Man
safikul1228,My hero CR7.,https://instagram.fdac34-1.fna.fbcdn.net/v/t51.2885-19/449870759_8701875303161887_1177765856769762140_n.jpg?stp=dst-jpg_s150x150&_nc_ht=instagram.fdac34-1.fna.fbcdn.net&_nc_cat=107&_nc_ohc=p163TYNMQ7YQ7kNvgFL2KJq&_nc_gid=60256777fe164356bce9dcbe7f9696a3&edm=APs17CUBAAAA&ccb=7-5&oh=00_AYDwGVUjbp6j5tgB2fDYp1P2TIwQ7O3R6cqN_-KsEAqS1Q&oe=67108D01&_nc_sid=10d13b,United States,US,English,30,Woman
jfjfkjk2,@parvin30760 Ø¨Ø¨Ø®Ø´ÛŒØ¯ Ù…ÛŒØ´Ù‡ Ø¯Ø§ÛŒØ²Ú©Ø« Ø¨Ø¯ÛŒÙ† â¤ï¸ğŸ‘‘,https://instagram.fdac34-1.fna.fbcdn.net/v/t51.2885-19/413466090_271957758912221_8496219990685470350_n.jpg?stp=dst-jpg_s150x150&_nc_ht=instagram.fdac34-1.fna.fbcdn.net&_nc_cat=105&_nc_ohc=Nsch4njt0NQQ7kNvgH6U6Rt&_nc_gid=60256777fe164356bce9dcbe7f9696a3&edm=APs17CUBAAAA&ccb=7-5&oh=00_AYCG47PNPVUlrVdXEpMxB09Bmn7gl9wJxqd9LR5CttvntA&oe=6710879D&_nc_sid=10d13b,Iran,IR,Language not found,30,Man
arad_goin,ğŸğŸ,https://instagram.fdac34-1.fna.fbcdn.net/v/t51.2885-19/462055295_891024502499396_7849274011169701225_n.jpg?stp=dst-jpg_s150x150&_nc_ht=instagram.fdac34-1.fna.fbcdn.net&_nc_cat=108&_nc_ohc=LcKDzv1aUZIQ7kNvgHugIF1&_nc_gid=60256777fe164356bce9dcbe7f9696a3&edm=APs17CUBAAAA&ccb=7-5&oh=00_AYC4yqfjaON2BpX1msIsmahQNitQLmoU69PH-u_fYnjqrg&oe=67107DA5&_nc_sid=10d13b,,,object of type 'NoneType' has no len(),30,Man
sirvaaan39,@mswmhsltns Ø¨Ø¨Ø®Ø´ÛŒØ¯ Ù…ÛŒØ´Ù‡ ÛŒÙ‡ Ù¾ÛŒØ§Ù… Ø¨Ø¯ÛŒÙ† Ù…ØµÙˆÙ…Ù‡ Ø®Ø§Ù†ÙˆÙ… Ø®ÙˆØ¯Ù… Ù†Ù…ÛŒØªÙˆÙ†Ù…ğŸ‘ğŸ¤,https://instagram.fdac34-1.fna.fbcdn.net/v/t51.2885-19/462381331_437901498867129_6198459658151389134_n.jpg?stp=dst-jpg_s150x150&_nc_ht=instagram.fdac34-1.fna.fbcdn.net&_nc_cat=109&_nc_ohc=hFa5NAggyoAQ7kNvgG9Gbkv&_nc_gid=60256777fe164356bce9dcbe7f9696a3&edm=APs17CUBAAAA&ccb=7-5&oh=00_AYDT__3FTk3lG-GtBnve2jXfKkcEgJb1k9WnFQ4wIA_Q5Q&oe=671087ED&_nc_sid=10d13b,Iran,IR,Language not found,30,Man
kwkw_fylw,â¤ï¸â¤ï¸,https://instagram.fdac34-1.fna.fbcdn.net/v/t51.2885-19/416283097_1067447777857225_4598676930351085590_n.jpg?stp=dst-jpg_s150x150&_nc_ht=instagram.fdac34-1.fna.fbcdn.net&_nc_cat=101&_nc_ohc=a8a3onXE7iQQ7kNvgHiIAD3&_nc_gid=60256777fe164356bce9dcbe7f9696a3&edm=APs17CUBAAAA&ccb=7-5&oh=00_AYBXr8MvJ0p2mh1uRV4HGZB8sqFeS47uxwBMsS5TfpUYgQ&oe=67106A02&_nc_sid=10d13b,,,object of type 'NoneType' has no len(),30,Man
ar.bazkhan7830,â¤ï¸â¤ï¸â¤ï¸â¤ï¸â¤ï¸,https://instagram.fdac34-1.fna.fbcdn.net/v/t51.2885-19/456843293_1060157229067661_459068768014802446_n.jpg?stp=dst-jpg_s150x150&_nc_ht=instagram.fdac34-1.fna.fbcdn.net&_nc_cat=105&_nc_ohc=Feilx-V9kVsQ7kNvgE9TCdZ&_nc_gid=60256777fe164356bce9dcbe7f9696a3&edm=APs17CUBAAAA&ccb=7-5&oh=00_AYDjQaJ5-Spsu4OCp3uVt8d_QZGvboUsNGH4dGnojSgTgg&oe=67106232&_nc_sid=10d13b,,,object of type 'NoneType' has no len(),19,Man
alphonsow.8,EÄ±ndach geÄ±lğŸ”¥ğŸ‘ğŸ‘‘,https://scontent-hou1-1.cdninstagram.com/v/t51.2885-19/462679644_3978762145782866_1306102180401028004_n.jpg?stp=dst-jpg_s150x150&_nc_ht=scontent-hou1-1.cdninstagram.com&_nc_cat=102&_nc_ohc=XKYxKWd8yVIQ7kNvgG5_PvD&_nc_gid=01a55972b189436dbaf09b7e3fc5cf54&edm=APs17CUBAAAA&ccb=7-5&oh=00_AYD1pDi2EQbuYS4ebTIJ2X-cMrjrvhppzqdV-RJftv8G2g&oe=67107AB2&_nc_sid=10d13b,Turkey,,object of type 'NoneType' has no len(),28,Man
fofol1364,@maneliyam74 Ù¾Ø³Ø± Ø¯Ø®ØªØ±Ù†Ù…Ø§ ØŒØŒØ²ÙˆØ¯ Ø¹Ú©Ø³Ù‡Ø§ÛŒ Ø¯Ø®ØªØ± Ù…Ø±Ø¯Ù… Ø§Ø² Ù¾ÛŒØ¬Øª Ù¾Ø§Ú© Ú©Ù† ÙˆÚ¯Ø±Ù†Ù‡ Ø¨Ø§ Ù¾Ù„ÛŒØ³ ÙØªØ§ Ù…ÛŒØ§Ù† Ø³Ø±Ø§ØºØªØŒØ¯ÛŒÚ¯Ù‡ Ø®ÙˆØ¯Ø¯Ø§Ù†ÛŒ,https://scontent-hou1-1.cdninstagram.com/v/t51.2885-19/457396921_951935520035459_4630520377719267326_n.jpg?stp=dst-jpg_s150x150&_nc_ht=scontent-hou1-1.cdninstagram.com&_nc_cat=111&_nc_ohc=FHI47wDSWpsQ7kNvgGyAsTA&_nc_gid=01a55972b189436dbaf09b7e3fc5cf54&edm=APs17CUBAAAA&ccb=7-5&oh=00_AYDrDQr-AMuUwRynMvqAgFmJFIlEsn9deiEX_Exe6dpMqg&oe=671093D6&_nc_sid=10d13b,Iran,IR,Language not found,30,Man
somayekarimi609,Ø³Ù„Ø§Ù… Ú©Ø±ÛŒØ³,https://scontent-hou1-1.cdninstagram.com/v/t51.2885-19/434559985_927365658988819_6859841425540842464_n.jpg?stp=dst-jpg_s150x150&_nc_ht=scontent-hou1-1.cdninstagram.com&_nc_cat=107&_nc_ohc=grvedwtKBpEQ7kNvgFtjoIS&_nc_gid=01a55972b189436dbaf09b7e3fc5cf54&edm=APs17CUBAAAA&ccb=7-5&oh=00_AYBRTvkdOW4or7bosBc8PAtrlXZomHC-xAYb7V8NIRR17Q&oe=671087A5&_nc_sid=10d13b,Unknown,,object of type 'NoneType' has no len(),30,Man
dannys_ellyixzs,Mds,https://scontent-hou1-1.cdninstagram.com/v/t51.2885-19/461735271_1078958760486919_8091326734811739855_n.jpg?stp=dst-jpg_s150x150&_nc_ht=scontent-hou1-1.cdninstagram.com&_nc_cat=107&_nc_ohc=_TBiVZA8kdoQ7kNvgFJ4vc9&_nc_gid=01a55972b189436dbaf09b7e3fc5cf54&edm=APs17CUBAAAA&ccb=7-5&oh=00_AYC74W3vN3GULtQbKP7honwYQenK_zp_7FzS5odLuGOutA&oe=67106248&_nc_sid=10d13b,Denmark,DK,Language not found,30,Woman
10de_ng10,Siuuuu,https://scontent-hou1-1.cdninstagram.com/v/t51.2885-19/462744091_892573066178024_7951351837279056345_n.jpg?stp=dst-jpg_s150x150&_nc_ht=scontent-hou1-1.cdninstagram.com&_nc_cat=108&_nc_ohc=bWK5FUfJMoAQ7kNvgHgRVjg&_nc_gid=01a55972b189436dbaf09b7e3fc5cf54&edm=APs17CUBAAAA&ccb=7-5&oh=00_AYBh6HCqVa9MXoSkvq2ptT7-mjavf4-iqCtldR6Jb1ey0A&oe=671066F8&_nc_sid=10d13b,Finland,FI,Language not found,30,Woman
ferzuid0318,ğŸ”¥ğŸ”¥,https://scontent-hou1-1.cdninstagram.com/v/t51.2885-19/462420526_2811954008961660_3277839203692752951_n.jpg?stp=dst-jpg_s150x150&_nc_ht=scontent-hou1-1.cdninstagram.com&_nc_cat=100&_nc_ohc=ID_ao4GGBRIQ7kNvgEsH6vf&_nc_gid=01a55972b189436dbaf09b7e3fc5cf54&edm=APs17CUBAAAA&ccb=7-5&oh=00_AYAaJzq1LgZWVpGurgILkC0VfZCf2bSY50sGfd7riXrnFg&oe=67106DD7&_nc_sid=10d13b,,,object of type 'NoneType' has no len(),30,Woman
rozegarbad1289,ğŸ”¥ğŸ”¥ğŸ”¥ğŸ”¥ğŸ”¥ğŸ”¥ğŸ”¥â¤ï¸â¤ï¸â¤ï¸,https://scontent-hou1-1.cdninstagram.com/v/t51.2885-19/94632429_935636513531439_3642421331191922688_n.jpg?stp=dst-jpg_s150x150&_nc_ht=scontent-hou1-1.cdninstagram.com&_nc_cat=103&_nc_ohc=6zbXZTT7lN4Q7kNvgFSb0P_&_nc_gid=01a55972b189436dbaf09b7e3fc5cf54&edm=APs17CUBAAAA&ccb=7-5&oh=00_AYAr0d2y1uFXcKqCfhAWzmOzyXfDcXxmGmAEiOrXYoaqNQ&oe=6710843F&_nc_sid=10d13b,,,object of type 'NoneType' has no len(),30,Woman
bsmmhmd7755,Cristiano Habibi Ronaldo shoes,https://scontent-hou1-1.cdninstagram.com/v/t51.2885-19/462336758_1158947491870781_6361678737841137129_n.jpg?stp=dst-jpg_s150x150&_nc_ht=scontent-hou1-1.cdninstagram.com&_nc_cat=105&_nc_ohc=XG-_0lvMma0Q7kNvgHD6Uhq&_nc_gid=01a55972b189436dbaf09b7e3fc5cf54&edm=APs17CUBAAAA&ccb=7-5&oh=00_AYCrzIjxWD2EbeNUhC9zkNHxN74Ww8EPbcAveCZRIKuFHA&oe=67108DFD&_nc_sid=10d13b,Italy,IT,Italian,30,Woman
ghbas7i,â¤ï¸,https://scontent-hou1-1.cdninstagram.com/v/t51.2885-19/460397999_1058099269344116_7485757497667856246_n.jpg?stp=dst-jpg_s150x150&_nc_ht=scontent-hou1-1.cdninstagram.com&_nc_cat=108&_nc_ohc=j374de58zmkQ7kNvgGrmW-0&_nc_gid=01a55972b189436dbaf09b7e3fc5cf54&edm=APs17CUBAAAA&ccb=7-5&oh=00_AYBTzta71EkpPMXrGZMNZv351bsqeduWku1fyOuaxMwOTg&oe=671096F7&_nc_sid=10d13b,,,object of type 'NoneType' has no len(),30,Woman
mykolasek,,https://scontent-ord5-2.cdninstagram.com/v/t51.2885-19/462772623_2935203446631244_2375431334198117786_n.jpg?stp=dst-jpg_s150x150&_nc_ht=scontent-ord5-2.cdninstagram.com&_nc_cat=104&_nc_ohc=d-OGKsCloUMQ7kNvgEn7jPI&_nc_gid=cd1ff09dae5a48ac9932f4a038951bc3&edm=APs17CUBAAAA&ccb=7-5&oh=00_AYBMxbRb7Km7tQqq9VKOa1sA9GLhuQlMcQW4vJR3f-fB6A&oe=671075FE&_nc_sid=10d13b,,,object of type 'NoneType' has no len(),30,Woman
khadicha2423,â¤ï¸â¤ï¸â¤ï¸â¤ï¸â¤ï¸â¤ï¸â¤ï¸,https://scontent-ord5-2.cdninstagram.com/v/t51.2885-19/462721787_1727875231358328_3241825504846820943_n.jpg?stp=dst-jpg_s150x150&_nc_ht=scontent-ord5-2.cdninstagram.com&_nc_cat=100&_nc_ohc=LU1ghqcqzVUQ7kNvgHz-oWp&_nc_gid=cd1ff09dae5a48ac9932f4a038951bc3&edm=APs17CUBAAAA&ccb=7-5&oh=00_AYBuugUnHGo3XQcmedrjMyN9V6hYXixTxZSm_e-s7dZW9Q&oe=671069CE&_nc_sid=10d13b,,,object of type 'NoneType' has no len(),30,Woman
bahtiyar_task,CR7 â¤ï¸,https://scontent-ord5-2.cdninstagram.com/v/t51.2885-19/459916360_1060636559106854_3710824233850919092_n.jpg?stp=dst-jpg_s150x150&_nc_ht=scontent-ord5-2.cdninstagram.com&_nc_cat=102&_nc_ohc=mEfab9QbQPoQ7kNvgF8OXBF&_nc_gid=cd1ff09dae5a48ac9932f4a038951bc3&edm=APs17CUBAAAA&ccb=7-5&oh=00_AYCJFtKnzJlK9Zmk5W56irW0Rx0OoX8U94nIQczlgKY9hQ&oe=67107CEA&_nc_sid=10d13b,United States,US,English,27,Man
byrmusa96,ğŸ’€,https://scontent-ord5-2.cdninstagram.com/v/t51.2885-19/452603415_2128359350881515_5623515135460660065_n.jpg?stp=dst-jpg_s150x150&_nc_ht=scontent-ord5-2.cdninstagram.com&_nc_cat=103&_nc_ohc=-JTK6jjJHzcQ7kNvgHxmGl8&_nc_gid=cd1ff09dae5a48ac9932f4a038951bc3&edm=APs17CUBAAAA&ccb=7-5&oh=00_AYCC8yQmZzekAnnIKT3bAbWtQl73KkHusqFwbYVunZ6WaA&oe=6710790C&_nc_sid=10d13b,,,object of type 'NoneType' has no len(),30,Woman
_a_y_a_n_2_9_5_,ğŸ˜,https://scontent-ord5-2.cdninstagram.com/v/t51.2885-19/462468456_1272593690827260_6738800466260167509_n.jpg?stp=dst-jpg_s150x150&_nc_ht=scontent-ord5-2.cdninstagram.com&_nc_cat=100&_nc_ohc=YdXSXB9poOUQ7kNvgF8ngS4&_nc_gid=cd1ff09dae5a48ac9932f4a038951bc3&edm=APs17CUBAAAA&ccb=7-5&oh=00_AYBqsWI0nQ9zL-ruw5KfmvmIkLyFzch9lmEKujTCwxzlqQ&oe=67105FC8&_nc_sid=10d13b,,,object of type 'NoneType' has no len(),30,Man
rembo_1_1_1,â¤ï¸,https://instagram.fjed4-1.fna.fbcdn.net/v/t51.2885-19/44884218_345707102882519_2446069589734326272_n.jpg?stp=dst-jpg_e0_s150x150&_nc_ht=instagram.fjed4-1.fna.fbcdn.net&_nc_cat=1&_nc_ohc=Eh9qeP5BGAUQ7kNvgG8hlG8&_nc_gid=ed2c6fb0c3d34320972263a4321b3fad&edm=AL4D0a4BAAAA&ccb=7-5&ig_cache_key=YW5vbnltb3VzX3Byb2ZpbGVfcGlj.3-ccb7-5&oh=00_AYC4HnmAqR2HjlTtPpGt8Hukr9P2EZokCof8iX2BAFJacQ&oe=6710730F&_nc_sid=9e8221,,,object of type 'NoneType' has no len(),30,Woman
joldasbaeva93,,https://scontent-ord5-2.cdninstagram.com/v/t51.2885-19/433783096_1107453483922936_7610219057110694833_n.jpg?stp=dst-jpg_s150x150&_nc_ht=scontent-ord5-2.cdninstagram.com&_nc_cat=104&_nc_ohc=8LxCymcAMA0Q7kNvgETo3ZT&_nc_gid=cd1ff09dae5a48ac9932f4a038951bc3&edm=APs17CUBAAAA&ccb=7-5&oh=00_AYBQgjvrWlCVpfvCbJQdwj0kj1PbyAAg2HFPQHJfFXT09Q&oe=6710946B&_nc_sid=10d13b,,,object of type 'NoneType' has no len(),20,Woman
nama.91461,I'm from India ğŸ‡®ğŸ‡³ ğŸğŸğŸğŸğŸğŸâ¤ï¸â¤ï¸â¤ï¸,https://scontent-ord5-2.cdninstagram.com/v/t51.2885-19/456280232_481369604778298_3668320293231426517_n.jpg?stp=dst-jpg_s150x150&_nc_ht=scontent-ord5-2.cdninstagram.com&_nc_cat=110&_nc_ohc=JMkU-J13ujAQ7kNvgH5Ov-z&_nc_gid=cd1ff09dae5a48ac9932f4a038951bc3&edm=APs17CUBAAAA&ccb=7-5&oh=00_AYCmPDW67Bt_F_fteGNOpExoW1lR9huFRuXIukbu8MoAvQ&oe=671095DA&_nc_sid=10d13b,United States,US,English,30,Man
sshivakkumar123,â¤ï¸â¤ï¸â¤ï¸,https://scontent-ord5-2.cdninstagram.com/v/t51.2885-19/460177666_984394236791152_7384316164495385942_n.jpg?stp=dst-jpg_s150x150&_nc_ht=scontent-ord5-2.cdninstagram.com&_nc_cat=104&_nc_ohc=K7kl3kZx5gQQ7kNvgG9d4Cy&_nc_gid=cd1ff09dae5a48ac9932f4a038951bc3&edm=APs17CUBAAAA&ccb=7-5&oh=00_AYAW747nJvapK4w2u9d0LC62Bz4yvCEs2Sc797hxSnA1Cg&oe=671061D5&_nc_sid=10d13b,,,object of type 'NoneType' has no len(),23,Man
ynsssssss8,Hallo Cristiano Ronaldo ğŸ˜ğŸ˜,https://scontent-waw2-2.cdninstagram.com/v/t51.2885-19/44884218_345707102882519_2446069589734326272_n.jpg?stp=dst-jpg_e0_s150x150&_nc_ht=scontent-waw2-2.cdninstagram.com&_nc_cat=1&_nc_ohc=Eh9qeP5BGAUQ7kNvgGmgIu8&_nc_gid=668e7f21e3e342c486e63da7fd040ad4&edm=AEVnrqQBAAAA&ccb=7-5&ig_cache_key=YW5vbnltb3VzX3Byb2ZpbGVfcGlj.3-ccb7-5&oh=00_AYD0vNhuTNcdSQ56cmIfmg2FOSFQizhD9a9iuRcbxylI8Q&oe=6710730F&_nc_sid=f8b7b3,Italy,IT,Italian,30,Man
sogolito,ğŸ,https://scontent-ord5-2.cdninstagram.com/v/t51.2885-19/228207831_248854827053741_2864525983156802571_n.jpg?stp=dst-jpg_s150x150&_nc_ht=scontent-ord5-2.cdninstagram.com&_nc_cat=105&_nc_ohc=XKzpc-pSIesQ7kNvgHB3BdB&_nc_gid=71544a434efa4d08a2f5fcd426084f1e&edm=APs17CUBAAAA&ccb=7-5&oh=00_AYDznAZ8HXx3dsIG7LEpur4Vs7z2fqWJY_iIMqqmbhDWgQ&oe=67108BB8&_nc_sid=10d13b,,,object of type 'NoneType' has no len(),29,Man
nozi_mjon18,ğŸğŸğŸ,https://scontent-ord5-1.cdninstagram.com/v/t51.2885-19/462539126_505666135783328_325814108607694761_n.jpg?stp=dst-jpg_s150x150&_nc_ht=scontent-ord5-1.cdninstagram.com&_nc_cat=108&_nc_ohc=oj-N06iFERsQ7kNvgF9ffU4&_nc_gid=71544a434efa4d08a2f5fcd426084f1e&edm=APs17CUBAAAA&ccb=7-5&oh=00_AYD4MlAxxFw4-JN4zoc67BP7DmDkxTnSriW8Bwth1Vn1bA&oe=67107FCC&_nc_sid=10d13b,,,object of type 'NoneType' has no len(),30,Man
hosainsekh,ğŸ˜,https://scontent-ord5-2.cdninstagram.com/v/t51.2885-19/312603396_838806990495328_6268379582927677474_n.jpg?stp=dst-jpg_s150x150&_nc_ht=scontent-ord5-2.cdninstagram.com&_nc_cat=104&_nc_ohc=ZbGB5ykr3DoQ7kNvgEqM5dO&_nc_gid=71544a434efa4d08a2f5fcd426084f1e&edm=APs17CUBAAAA&ccb=7-5&oh=00_AYC9ZiSpdOKJx-NC__An8bfImADFqsa28msAqYgzNZq4ug&oe=6710720F&_nc_sid=10d13b,,,object of type 'NoneType' has no len(),30,Woman
martoyuvensius,SiuuuuğŸ”¥ğŸ˜‚,https://scontent-ord5-1.cdninstagram.com/v/t51.2885-19/458978597_1239652193897240_706522140804435670_n.jpg?stp=dst-jpg_s150x150&_nc_ht=scontent-ord5-1.cdninstagram.com&_nc_cat=108&_nc_ohc=inOaOnzvrksQ7kNvgHsNxpt&_nc_gid=71544a434efa4d08a2f5fcd426084f1e&edm=APs17CUBAAAA&ccb=7-5&oh=00_AYCbINvtCw_RRvLeVsM90kbY3Yj5M8t9K5D8E4Evvovd9w&oe=671079E9&_nc_sid=10d13b,Finland,FI,Language not found,30,Man
rahiimosman,,https://scontent-ord5-2.cdninstagram.com/v/t51.2885-19/460295368_872632068164282_7359929914587040266_n.jpg?stp=dst-jpg_s150x150&_nc_ht=scontent-ord5-2.cdninstagram.com&_nc_cat=102&_nc_ohc=-JtAoPw8sCUQ7kNvgEOeh_q&_nc_gid=71544a434efa4d08a2f5fcd426084f1e&edm=APs17CUBAAAA&ccb=7-5&oh=00_AYB6Ylv49m7mouAQD6yFl2YZupHEQ-ZG0SQNcooBXJx6Cw&oe=67109584&_nc_sid=10d13b,,,object of type 'NoneType' has no len(),32,Man
jkhmiiaavaaraa,â¤ï¸,https://scontent-ord5-2.cdninstagram.com/v/t51.2885-19/462454273_386355171218484_6602983228778234143_n.jpg?stp=dst-jpg_s150x150&_nc_ht=scontent-ord5-2.cdninstagram.com&_nc_cat=100&_nc_ohc=CW_FOAqfv2AQ7kNvgGRkaP9&_nc_gid=71544a434efa4d08a2f5fcd426084f1e&edm=APs17CUBAAAA&ccb=7-5&oh=00_AYD6BxLY7bntcLeGjXvnVGSU6y9wjXY6rAsl__pIZu94ag&oe=67107E4B&_nc_sid=10d13b,,,object of type 'NoneType' has no len(),30,Man
cihynus,Hala madrid,https://scontent-ord5-1.cdninstagram.com/v/t51.2885-19/462608090_530871406352047_1030357276708607248_n.jpg?stp=dst-jpg_s150x150&_nc_ht=scontent-ord5-1.cdninstagram.com&_nc_cat=107&_nc_ohc=Br269TJHD3IQ7kNvgGDsQXx&_nc_gid=71544a434efa4d08a2f5fcd426084f1e&edm=APs17CUBAAAA&ccb=7-5&oh=00_AYD0c2sB6DJGIoByNqPo6S2vUVrcDUH_V3ZgYX61hsr2eg&oe=67109725&_nc_sid=10d13b,Somalia,SO,Language not found,30,Woman
om_janatte,â˜ ï¸â˜ ï¸â˜ ï¸â˜ ï¸â˜ ï¸,https://instagram.fbwx2-1.fna.fbcdn.net/v/t51.2885-19/378068219_685825053599967_2504522327899768311_n.jpg?stp=dst-jpg_s150x150&_nc_ht=instagram.fbwx2-1.fna.fbcdn.net&_nc_cat=103&_nc_ohc=MDvq720dCOEQ7kNvgEuEJbh&_nc_gid=4b85cdeb0b1444e99aa945e27a6e9272&edm=APs17CUBAAAA&ccb=7-5&oh=00_AYDTvGzo7A8fsRHwh4T6uMpLK1MTd8sxRsxJgCXo-9_TIA&oe=67108B6B&_nc_sid=10d13b,,,object of type 'NoneType' has no len(),30,Woman
faisalajubeilan7,ğŸ†ğŸ†,https://instagram.fbwx2-1.fna.fbcdn.net/v/t51.2885-19/461580962_580510894300224_6395238318059016030_n.jpg?stp=dst-jpg_s150x150&_nc_ht=instagram.fbwx2-1.fna.fbcdn.net&_nc_cat=100&_nc_ohc=T7gFgGpwBy0Q7kNvgFBezRv&_nc_gid=4b85cdeb0b1444e99aa945e27a6e9272&edm=APs17CUBAAAA&ccb=7-5&oh=00_AYAgCsGzuqANUszTc8GmrvVPNR0ytR_wyyAmGS44VjHWWQ&oe=671078E2&_nc_sid=10d13b,,,object of type 'NoneType' has no len(),30,Man
isaacceratto,Me manda a sua camisa assinada por favor,https://instagram.fbwx2-1.fna.fbcdn.net/v/t51.2885-19/448980025_361500183308850_2541226680829786668_n.jpg?stp=dst-jpg_s150x150&_nc_ht=instagram.fbwx2-1.fna.fbcdn.net&_nc_cat=106&_nc_ohc=RspDH1ZEQL8Q7kNvgFxW2oP&_nc_gid=4b85cdeb0b1444e99aa945e27a6e9272&edm=APs17CUBAAAA&ccb=7-5&oh=00_AYAkAiJlQk8VQUYXU9mlC77c8twQhhGHuxtV1OOHM7dlDg&oe=67109576&_nc_sid=10d13b,Portugal,PT,Language not found,30,Woman
_sdzmva_,â¤ï¸ğŸ,https://instagram.fbwx2-1.fna.fbcdn.net/v/t51.2885-19/462296595_1587391708874726_8949504775596751653_n.jpg?stp=dst-jpg_s150x150&_nc_ht=instagram.fbwx2-1.fna.fbcdn.net&_nc_cat=102&_nc_ohc=Kne3PVTk2ckQ7kNvgGhPOzV&_nc_gid=4b85cdeb0b1444e99aa945e27a6e9272&edm=APs17CUBAAAA&ccb=7-5&oh=00_AYDEWKaiFak1Ly02S3THt9Fz9AFJOrses5nt0Iz1RtDGlA&oe=67106EFE&_nc_sid=10d13b,,,object of type 'NoneType' has no len(),27,Woman
shahidul4933,â¤ï¸â¤ï¸â¤ï¸,https://instagram.fbwx2-1.fna.fbcdn.net/v/t51.2885-19/447811753_1636932560453599_8308269008815007938_n.jpg?stp=dst-jpg_s150x150&_nc_ht=instagram.fbwx2-1.fna.fbcdn.net&_nc_cat=107&_nc_ohc=HijK4tE6lt4Q7kNvgExIO2d&_nc_gid=4b85cdeb0b1444e99aa945e27a6e9272&edm=APs17CUBAAAA&ccb=7-5&oh=00_AYBtDlMtAJNc-EXUx92kOMiTvo_sw86VREeo0wR1rnWnxg&oe=67109088&_nc_sid=10d13b,,,object of type 'NoneType' has no len(),22,Man
harshharisingani,KingğŸ”¥,https://instagram.fbog9-1.fna.fbcdn.net/v/t51.2885-19/337824794_748316523349147_1776298557027917338_n.jpg?stp=dst-jpg_s150x150&_nc_ht=instagram.fbog9-1.fna.fbcdn.net&_nc_cat=107&_nc_ohc=x3T6aIy7DpwQ7kNvgFZaiFA&_nc_gid=f8247d47a1d74bc0b692b3e5d42f96b0&edm=APs17CUBAAAA&ccb=7-5&oh=00_AYCoP1sWwAN-r33M6JjBTLlr4BFhiqWnEpVl9pkYYN9MRA&oe=67108FC0&_nc_sid=10d13b,Unknown,,object of type 'NoneType' has no len(),30,Man
yahya_11.1,ğŸ,https://instagram.fbog9-1.fna.fbcdn.net/v/t51.2885-19/455963048_2751624288329497_7610533412525417600_n.jpg?stp=dst-jpg_s150x150&_nc_ht=instagram.fbog9-1.fna.fbcdn.net&_nc_cat=101&_nc_ohc=Ffr83b4nKaYQ7kNvgHA5kCs&_nc_gid=f8247d47a1d74bc0b692b3e5d42f96b0&edm=APs17CUBAAAA&ccb=7-5&oh=00_AYAOVGwhw2U74gveFG00-tIMlIb9mwD33cxkCPAhCR7RNA&oe=67109256&_nc_sid=10d13b,,,object of type 'NoneType' has no len(),30,Woman
lidiamarcia2009,Amo vc,https://instagram.fbog9-1.fna.fbcdn.net/v/t51.2885-19/277289266_1130117847812982_2150723942046120859_n.jpg?stp=dst-jpg_s150x150&_nc_ht=instagram.fbog9-1.fna.fbcdn.net&_nc_cat=106&_nc_ohc=oQ5LkuL5YmMQ7kNvgGOM5Ki&_nc_gid=f8247d47a1d74bc0b692b3e5d42f96b0&edm=APs17CUBAAAA&ccb=7-5&oh=00_AYBLzwRd4z9MkhzMEzUbVY12a-aUBUg-ycSghGSx9G1dfA&oe=67107484&_nc_sid=10d13b,Portugal,PT,Language not found,30,Man
jaimeisailara,CristianoğŸgoatğŸ‘‘,https://instagram.fbog9-1.fna.fbcdn.net/v/t51.2885-19/462705235_909023537759084_1646912319075023420_n.jpg?stp=dst-jpg_s150x150&_nc_ht=instagram.fbog9-1.fna.fbcdn.net&_nc_cat=108&_nc_ohc=0Let50H2r8AQ7kNvgGA3ry4&_nc_gid=f8247d47a1d74bc0b692b3e5d42f96b0&edm=APs17CUBAAAA&ccb=7-5&oh=00_AYAK0m31rdzWOYrjLyracwH_DcbGR28kvYtZw_FyM-dVBw&oe=671072C7&_nc_sid=10d13b,Italy,IT,Italian,30,Woman
rlk_miguelxz777,ğŸ”¥ğŸ,https://scontent-cgk1-2.cdninstagram.com/v/t51.2885-19/44884218_345707102882519_2446069589734326272_n.jpg?stp=dst-jpg_e0_s150x150&_nc_ht=scontent-cgk1-2.cdninstagram.com&_nc_cat=1&_nc_ohc=Eh9qeP5BGAUQ7kNvgEijULl&_nc_gid=235761bbb4d5414f85bf7eda8762be5e&edm=ALlQn9MBAAAA&ccb=7-5&ig_cache_key=YW5vbnltb3VzX3Byb2ZpbGVfcGlj.3-ccb7-5&oh=00_AYBUdRlDC1vI76y0235gcJfSRQ-2ss9QhQ-VUMzrpWIW6g&oe=6710730F&_nc_sid=e7f676,,,object of type 'NoneType' has no len(),30,Man
arusovap,Gammy bear,https://instagram.fbog9-1.fna.fbcdn.net/v/t51.2885-19/440713878_3257065671268013_549680698380842390_n.jpg?stp=dst-jpg_s150x150&_nc_ht=instagram.fbog9-1.fna.fbcdn.net&_nc_cat=105&_nc_ohc=gfG4fD-cf7QQ7kNvgFlpkBX&_nc_gid=f8247d47a1d74bc0b692b3e5d42f96b0&edm=APs17CUBAAAA&ccb=7-5&oh=00_AYCAqYYLwPk18rVo-H-WbaxP63R4g7fzDowKyX_Af6ECvQ&oe=671096B7&_nc_sid=10d13b,United States,US,English,30,Man
adl44769,ğŸ˜ğŸ˜ee,https://instagram.fcgp3-2.fna.fbcdn.net/v/t51.2885-19/454057865_852076529812874_5758523767749923479_n.jpg?stp=dst-jpg_s150x150&_nc_ht=instagram.fcgp3-2.fna.fbcdn.net&_nc_cat=102&_nc_ohc=mwyF2zA_zt0Q7kNvgGjdPpY&_nc_gid=0dfbde7a902f4296967af6f2adfeb2d2&edm=APs17CUBAAAA&ccb=7-5&oh=00_AYDYePfRVRtzEac80uPo9tbF4ADjcZZE10VLfspSEQzn1w&oe=671091AD&_nc_sid=10d13b,Netherlands,NL,Language not found,30,Man
khayrullayev_056_,ğŸ”¥,https://instagram.fcgp3-1.fna.fbcdn.net/v/t51.2885-19/462981495_3941261172827644_3565718065447253396_n.jpg?stp=dst-jpg_s150x150&_nc_ht=instagram.fcgp3-1.fna.fbcdn.net&_nc_cat=104&_nc_ohc=fNdux2CHhGUQ7kNvgEYzLwv&_nc_gid=0dfbde7a902f4296967af6f2adfeb2d2&edm=APs17CUBAAAA&ccb=7-5&oh=00_AYCuGlv33-1klSLBZ_9uPT7RKHBrFPOWeTUx7mwqRoozIQ&oe=67109262&_nc_sid=10d13b,,,object of type 'NoneType' has no len(),30,Man
bas.har.1997,,https://instagram.fcgp3-1.fna.fbcdn.net/v/t51.2885-19/448127807_455182883774547_6127483163000275192_n.jpg?stp=dst-jpg_s150x150&_nc_ht=instagram.fcgp3-1.fna.fbcdn.net&_nc_cat=103&_nc_ohc=9y2U3aJEqMwQ7kNvgGgpsOu&_nc_gid=0dfbde7a902f4296967af6f2adfeb2d2&edm=APs17CUBAAAA&ccb=7-5&oh=00_AYAlDEaVzF5LNJ80R6nGLLokfHJzjYWUs_NQM73rzvys4A&oe=67106514&_nc_sid=10d13b,,,object of type 'NoneType' has no len(),30,Man
rhidwan002,#AFCMAFIA,https://instagram.fcgp3-1.fna.fbcdn.net/v/t51.2885-19/436456729_1348127319226948_4156066031244834272_n.jpg?stp=dst-jpg_s150x150&_nc_ht=instagram.fcgp3-1.fna.fbcdn.net&_nc_cat=104&_nc_ohc=xTye2HxqiasQ7kNvgElwlqh&_nc_gid=0dfbde7a902f4296967af6f2adfeb2d2&edm=APs17CUBAAAA&ccb=7-5&oh=00_AYBXAILExMmrrmLI11rKxjH9QFsNrEcnzNZS9oKDMC5aTA&oe=6710736E&_nc_sid=10d13b,Philippines,PH,Filipino,30,Woman
baodn7,"Ronaldo in football, proper in overwatch, s1mple in cs. Team falcons really collecting all the infinity stones here lol",https://instagram.fcgp3-1.fna.fbcdn.net/v/t51.2885-19/456687888_1184431962812142_3601977463041018949_n.jpg?stp=dst-jpg_s150x150&_nc_ht=instagram.fcgp3-1.fna.fbcdn.net&_nc_cat=106&_nc_ohc=XgFdlnrcQ3oQ7kNvgF0CSG8&_nc_gid=0dfbde7a902f4296967af6f2adfeb2d2&edm=APs17CUBAAAA&ccb=7-5&oh=00_AYCnYmF1paT9TiMDgJ2Jm4q2qf3nExmTVTztem7m3lX1bA&oe=67108021&_nc_sid=10d13b,United States,US,English,30,Woman
ahmadramin.karimi,"Cristiano Ronaldo, I like this post because you are inside photo. otherwise most of Muslim peoples hite bensalman.",https://instagram.fcgp3-1.fna.fbcdn.net/v/t51.2885-19/440612749_3819783561588330_2468221237219524617_n.jpg?stp=dst-jpg_s150x150&_nc_ht=instagram.fcgp3-1.fna.fbcdn.net&_nc_cat=106&_nc_ohc=9K81yBEp0RkQ7kNvgFtD740&_nc_gid=0dfbde7a902f4296967af6f2adfeb2d2&edm=APs17CUBAAAA&ccb=7-5&oh=00_AYDn3xUg6alwuFK-_tgSMwTBDXusndNq2d3NQ1-B9hOoxQ&oe=67107DEF&_nc_sid=10d13b,United States,US,English,30,Woman
